"id","card_id","year","month","day","from_time","to_time","court","created_at","updated_at","delete_flg","draw_conf_flg"
2,"86329044",2020,2,24,13,16,"3",2020/01/04 20:01:54.391,2020/01/04 21:16:14.898,"1","0"
4,"86757673",2020,2,24,13,16,"3",2020/01/04 20:42:44.024,2020/01/04 21:16:23.303,"1","0"
3,"86757664",2020,2,24,11,13,"3",2020/01/04 20:02:19.956,2020/01/04 21:16:32.774,"1","0"
5,"87483716",2020,2,24,13,16,"3",2020/01/04 20:42:54.222,2020/01/04 21:20:48.610,"1","0"
6,"87692956",2020,2,24,11,13,"3",2020/01/04 20:43:09.094,2020/01/04 21:21:19.698,"1","0"
7,"86329044",2020,2,24,13,16,"3",2020/01/04 21:22:58.845,2020/01/04 21:40:08.618,"1","0"
35,"86573853",2020,2,16,13,16,"1",2020/01/05 9:47:14.229,2020/01/05 18:12:22.318,"1","0"
36,"86814995",2020,2,16,13,16,"1",2020/01/05 9:47:33.882,2020/01/05 18:12:31.014,"1","0"
37,"85634420",2020,2,16,13,16,"1",2020/01/05 9:47:56.740,2020/01/05 18:12:44.373,"1","0"
38,"86817740",2020,2,16,13,16,"1",2020/01/05 9:48:18.764,2020/01/05 18:12:52.456,"1","0"
39,"86818777",2020,2,16,13,16,"1",2020/01/05 9:48:44.092,2020/01/05 18:13:00.057,"1","0"
40,"87058372",2020,2,16,13,16,"1",2020/01/05 9:49:05.312,2020/01/05 18:13:07.819,"1","0"
41,"85913101",2020,2,16,13,16,"1",2020/01/05 9:49:33.415,2020/01/05 18:13:15.516,"1","0"
42,"85536617",2020,2,16,13,16,"1",2020/01/05 9:50:00.101,2020/01/05 18:13:27.096,"1","0"
43,"87086314",2020,2,16,13,16,"1",2020/01/05 9:50:24.021,2020/01/05 18:13:34.729,"1","0"
44,"87244251",2020,2,16,13,16,"1",2020/01/05 9:50:50.293,2020/01/05 18:13:45.154,"1","0"
45,"87244438",2020,2,16,13,16,"1",2020/01/05 9:51:14.183,2020/01/05 18:13:55.491,"1","0"
46,"87244447",2020,2,16,13,16,"1",2020/01/05 9:51:34.812,2020/01/05 18:14:04.388,"1","0"
47,"86808957",2020,2,16,13,16,"1",2020/01/05 9:52:10.839,2020/01/05 18:14:12.094,"1","0"
25,"87242690",2020,2,8,15,17,"0",2020/01/05 9:43:21.992,2020/01/05 9:43:21.992,"1","0"
10,"87483716",2020,2,24,11,13,"3",2020/01/04 21:26:42.068,2020/01/09 19:55:04.565,"1","0"
12,"86329044",2020,2,24,11,13,"3",2020/01/04 21:41:47.371,2020/01/09 19:55:12.053,"1","0"
70,"86573853",2020,2,16,13,16,"3",2020/01/05 18:16:12.426,2020/01/09 20:10:43.828,"1","0"
71,"86814995",2020,2,16,13,16,"3",2020/01/05 18:16:44.395,2020/01/09 20:10:54.424,"1","0"
72,"85634420",2020,2,16,13,16,"3",2020/01/05 18:17:07.692,2020/01/09 20:11:01.493,"1","0"
73,"86817740",2020,2,16,13,16,"3",2020/01/05 18:17:57.118,2020/01/09 20:11:08.394,"1","0"
74,"86818777",2020,2,16,13,16,"3",2020/01/05 18:18:19.895,2020/01/09 20:11:15.332,"1","0"
75,"87058372",2020,2,16,13,16,"3",2020/01/05 18:18:42.591,2020/01/09 20:11:22.642,"1","0"
76,"85913101",2020,2,16,13,16,"3",2020/01/05 18:19:07.451,2020/01/09 20:11:29.678,"1","0"
77,"85536617",2020,2,16,13,16,"3",2020/01/05 18:19:33.563,2020/01/09 20:11:38.823,"1","0"
78,"87086314",2020,2,16,13,16,"3",2020/01/05 18:20:02.254,2020/01/09 20:11:48.491,"1","0"
79,"87244251",2020,2,16,13,16,"3",2020/01/05 18:20:26.950,2020/01/09 20:11:56.226,"1","0"
80,"87244438",2020,2,16,13,16,"3",2020/01/05 18:20:57.584,2020/01/09 20:12:06.982,"1","0"
24,"86560751",2020,2,8,15,17,"0",2020/01/05 9:43:01.145,2020/01/10 21:00:54.447,"1","0"
60,"83366232",2020,2,22,15,17,"0",2020/01/05 9:57:16.454,2020/01/10 21:01:07.677,"1","0"
26,"86583931",2020,2,8,15,17,"0",2020/01/05 9:43:42.938,2020/01/10 21:03:51.659,"1","0"
8,"86757664",2020,2,24,13,16,"3",2020/01/04 21:26:18.928,2020/01/14 19:49:07.312,"0","1"
9,"86757673",2020,2,24,13,16,"3",2020/01/04 21:26:30.109,2020/01/14 19:49:13.983,"0","1"
11,"87692956",2020,2,24,13,16,"3",2020/01/04 21:36:26.788,2020/01/14 19:49:22.102,"0","1"
13,"85033445",2020,2,8,13,15,"0",2020/01/05 9:38:20.473,2020/01/14 19:51:26.948,"0","1"
14,"84948513",2020,2,8,13,15,"0",2020/01/05 9:38:42.150,2020/01/14 19:51:33.619,"0","1"
15,"86947691",2020,2,8,13,15,"0",2020/01/05 9:39:04.587,2020/01/14 19:51:43.129,"0","1"
16,"87259413",2020,2,8,13,15,"0",2020/01/05 9:39:34.195,2020/01/14 19:51:58.732,"0","1"
17,"87259422",2020,2,8,13,15,"0",2020/01/05 9:40:04.404,2020/01/14 19:52:05.256,"0","1"
18,"84134418",2020,2,8,13,15,"0",2020/01/05 9:40:27.067,2020/01/14 19:52:11.559,"0","1"
19,"86315881",2020,2,8,13,15,"0",2020/01/05 9:40:58.240,2020/01/14 19:52:17.968,"0","1"
20,"83920187",2020,2,8,13,15,"0",2020/01/05 9:41:19.850,2020/01/14 19:52:24.391,"0","1"
21,"84808001",2020,2,8,13,15,"0",2020/01/05 9:41:41.431,2020/01/14 19:52:30.839,"0","1"
22,"86243996",2020,2,8,13,15,"0",2020/01/05 9:42:12.163,2020/01/14 19:52:37.259,"0","1"
23,"86329053",2020,2,8,13,15,"0",2020/01/05 9:42:38.748,2020/01/14 19:52:43.712,"0","1"
27,"87328259",2020,2,8,15,17,"0",2020/01/05 9:44:07.074,2020/01/14 19:52:51.116,"0","1"
28,"87328268",2020,2,8,15,17,"0",2020/01/05 9:44:33.301,2020/01/14 19:52:58.453,"0","1"
29,"87328230",2020,2,8,15,17,"0",2020/01/05 9:44:54.239,2020/01/14 19:53:04.783,"0","1"
30,"87542606",2020,2,8,15,17,"0",2020/01/05 9:45:17.131,2020/01/14 19:53:21.809,"0","1"
31,"87542615",2020,2,8,15,17,"0",2020/01/05 9:45:40.292,2020/01/14 19:54:10.327,"0","1"
32,"86585448",2020,2,8,15,17,"0",2020/01/05 9:46:04.084,2020/01/14 19:54:17.929,"0","1"
33,"86314238",2020,2,8,15,17,"0",2020/01/05 9:46:25.991,2020/01/14 19:54:24.574,"0","1"
34,"86576180",2020,2,8,15,17,"0",2020/01/05 9:46:46.007,2020/01/14 19:54:31.899,"0","1"
48,"86146771",2020,2,22,13,15,"0",2020/01/05 9:52:32.788,2020/01/14 19:54:38.169,"0","1"
49,"85632487",2020,2,22,13,15,"0",2020/01/05 9:52:55.073,2020/01/14 19:54:45.454,"0","1"
50,"86601338",2020,2,22,13,15,"0",2020/01/05 9:53:16.961,2020/01/14 20:10:37.126,"0","1"
51,"87107166",2020,2,22,13,15,"0",2020/01/05 9:53:40.882,2020/01/14 20:11:07.967,"0","1"
52,"87088869",2020,2,22,13,15,"0",2020/01/05 9:54:04.737,2020/01/14 20:11:22,"0","1"
53,"86936700",2020,2,22,13,15,"0",2020/01/05 9:54:25.769,2020/01/14 20:11:32.589,"0","1"
54,"86280178",2020,2,22,13,15,"0",2020/01/05 9:54:48.726,2020/01/14 20:11:38.985,"0","1"
55,"86949751",2020,2,22,13,15,"0",2020/01/05 9:55:10.533,2020/01/14 20:11:45.630,"0","1"
56,"86281391",2020,2,22,13,15,"0",2020/01/05 9:55:34.837,2020/01/14 20:11:52.290,"0","1"
57,"87540706",2020,2,22,13,15,"0",2020/01/05 9:56:07.132,2020/01/14 20:11:58.861,"0","1"
58,"86936711",2020,2,22,13,15,"0",2020/01/05 9:56:30.211,2020/01/14 20:12:09.377,"0","1"
59,"87531153",2020,2,22,13,15,"0",2020/01/05 9:56:55.649,2020/01/14 20:12:16.071,"0","1"
61,"85661983",2020,2,22,15,17,"0",2020/01/05 9:57:38.955,2020/01/14 20:12:26.240,"0","1"
62,"85661974",2020,2,22,15,17,"0",2020/01/05 9:58:03.556,2020/01/14 20:12:33.424,"0","1"
63,"86110458",2020,2,22,15,17,"0",2020/01/05 9:58:24.997,2020/01/14 20:12:43.361,"0","1"
64,"86110420",2020,2,22,15,17,"0",2020/01/05 9:58:45.667,2020/01/14 20:12:50.671,"0","1"
65,"83602047",2020,2,22,15,17,"0",2020/01/05 10:07:07.550,2020/01/14 20:12:58.415,"0","1"
66,"85362831",2020,2,22,15,17,"0",2020/01/05 10:12:55.938,2020/01/14 20:13:06.544,"0","1"
67,"85362804",2020,2,22,15,17,"0",2020/01/05 10:13:21.363,2020/01/14 20:13:14.697,"0","1"
68,"86693349",2020,2,22,15,17,"0",2020/01/05 10:13:43.980,2020/01/14 20:13:22.862,"0","1"
69,"85796801",2020,2,22,15,17,"0",2020/01/05 10:14:15.139,2020/01/14 20:13:31.657,"0","1"
81,"87244447",2020,2,16,13,16,"3",2020/01/05 18:21:24.386,2020/01/09 20:12:14.312,"1","0"
82,"86808957",2020,2,16,13,16,"3",2020/01/05 18:21:49.528,2020/01/09 20:12:21.592,"1","0"
83,"86678831",2020,2,16,13,16,"3",2020/01/05 18:22:44.755,2020/01/09 20:12:28.943,"1","0"
84,"84317462",2020,2,16,13,16,"3",2020/01/05 18:23:12.319,2020/01/09 20:12:38.646,"1","0"
88,"86573853",2020,2,16,13,16,"3",2020/01/09 20:40:17.633,2020/01/09 20:46:00.084,"1","0"
89,"86814995",2020,2,16,13,16,"3",2020/01/09 20:40:43.540,2020/01/09 20:46:07.765,"1","0"
90,"85634420",2020,2,16,13,16,"3",2020/01/09 20:41:09.035,2020/01/09 20:46:15.297,"1","0"
85,"87242690",2020,2,24,9,11,"3",2020/01/09 19:57:26.867,2020/01/14 19:49:28.477,"0","1"
86,"86329044",2020,2,24,9,11,"3",2020/01/09 19:59:11.587,2020/01/14 19:49:38.014,"0","1"
87,"87483716",2020,2,24,9,11,"3",2020/01/09 19:59:38.589,2020/01/14 19:49:45.163,"0","1"
91,"86573853",2020,2,16,13,16,"1",2020/01/09 20:50:46.328,2020/01/14 20:13:38.096,"0","1"
92,"86814995",2020,2,16,13,16,"1",2020/01/09 20:51:13.093,2020/01/14 20:13:53.177,"0","1"
93,"85634420",2020,2,16,13,16,"1",2020/01/09 20:51:37.144,2020/01/14 20:14:00.313,"0","1"
94,"86817740",2020,2,16,13,16,"1",2020/01/09 20:52:05.334,2020/01/14 20:14:06.552,"0","1"
95,"86818777",2020,2,16,13,16,"1",2020/01/09 20:52:33.342,2020/01/14 20:14:12.747,"0","1"
96,"87058372",2020,2,16,13,16,"1",2020/01/09 20:52:59.502,2020/01/14 20:14:21.792,"0","1"
97,"85913101",2020,2,16,13,16,"1",2020/01/09 20:53:26.207,2020/01/14 20:14:52.644,"0","1"
98,"85536617",2020,2,16,13,16,"1",2020/01/09 20:53:54.843,2020/01/14 20:15:03.611,"0","1"
99,"87086314",2020,2,16,13,16,"1",2020/01/09 20:54:19.088,2020/01/14 20:15:10.033,"0","1"
100,"87244251",2020,2,16,13,16,"1",2020/01/09 20:54:44.996,2020/01/14 20:15:16.505,"0","1"
101,"87244438",2020,2,16,13,16,"1",2020/01/09 20:55:09.379,2020/01/14 20:15:25.205,"0","1"
102,"87244447",2020,2,16,13,16,"1",2020/01/09 20:55:35.307,2020/01/14 20:15:33.986,"0","1"
103,"86808957",2020,2,16,13,16,"1",2020/01/09 20:56:04.968,2020/01/14 20:15:46.141,"0","1"
104,"86678831",2020,2,16,13,16,"1",2020/01/09 20:56:29.531,2020/01/14 20:16:01.335,"0","1"
105,"84317462",2020,2,16,13,16,"1",2020/01/09 20:56:55.076,2020/01/14 20:16:07.781,"0","1"
106,"85362840",2020,2,8,13,15,"0",2020/01/09 20:57:20.092,2020/01/14 20:16:14.179,"0","1"
107,"87207701",2020,2,8,13,15,"0",2020/01/09 20:57:45.744,2020/01/14 20:16:21.049,"0","1"
108,"86555096",2020,2,8,13,15,"0",2020/01/09 20:58:15.989,2020/01/14 20:16:28.672,"0","1"
109,"87207684",2020,2,22,13,15,"0",2020/01/09 20:58:42.879,2020/01/14 20:16:40.095,"0","1"
110,"86138949",2020,2,22,13,15,"0",2020/01/09 20:59:06.879,2020/01/14 20:17:06.431,"0","1"
111,"87208306",2020,2,22,13,15,"0",2020/01/09 20:59:30.821,2020/01/14 20:17:32.810,"0","1"
112,"87208315",2020,2,22,13,15,"0",2020/01/09 20:59:55.035,2020/01/14 20:18:02.125,"0","1"
113,"87209441",2020,2,22,15,17,"0",2020/01/09 21:00:19.922,2020/01/14 20:18:31.574,"0","1"
114,"86138931",2020,2,22,15,17,"0",2020/01/09 21:00:46.220,2020/01/14 20:19:00.814,"0","1"
115,"87289231",2020,2,22,15,17,"0",2020/01/09 21:01:10.352,2020/01/14 20:19:29.533,"0","1"
116,"87900844",2020,2,22,13,15,"0",2020/01/09 21:04:52.564,2020/01/14 20:19:57.591,"0","1"
117,"86560751",2020,2,8,13,15,"0",2020/01/10 21:02:17.949,2020/01/14 20:20:25.143,"0","1"
118,"83366232",2020,2,22,13,15,"0",2020/01/10 21:02:44.829,2020/01/14 20:20:48.839,"0","1"
119,"86583931",2020,2,22,13,15,"0",2020/01/10 21:04:57.227,2020/01/14 20:23:24.609,"0","1"
148,"85536617",2020,3,15,15,17,"0",2020/02/02 16:48:42.488,2020/02/02 17:02:10.778,"1","0"
140,"86576180",2020,3,15,13,15,"0",2020/02/02 16:45:16.143,2020/02/02 17:09:03.014,"1","0"
141,"86573853",2020,3,15,13,15,"0",2020/02/02 16:45:41.265,2020/02/02 17:09:12.583,"1","0"
142,"86814995",2020,3,15,13,15,"0",2020/02/02 16:46:08.272,2020/02/02 17:09:38.409,"1","0"
143,"85634420",2020,3,15,13,15,"0",2020/02/02 16:46:33.138,2020/02/02 17:09:46.822,"1","0"
144,"86817740",2020,3,15,13,15,"0",2020/02/02 16:46:57.735,2020/02/02 17:09:55.401,"1","0"
145,"86818777",2020,3,15,13,15,"0",2020/02/02 16:47:23.574,2020/02/02 17:10:07.314,"1","0"
146,"87058372",2020,3,15,13,15,"0",2020/02/02 16:47:49.172,2020/02/02 17:10:16.163,"1","0"
147,"85913101",2020,3,15,13,15,"0",2020/02/02 16:48:14.716,2020/02/02 17:10:33.990,"1","0"
131,"86560751",2020,3,8,15,17,"2",2020/02/02 16:40:52.685,2020/02/09 13:00:07.057,"1","0"
132,"86583931",2020,3,8,15,17,"2",2020/02/02 16:41:24.030,2020/02/09 13:12:10.148,"1","0"
120,"85033445",2020,3,8,13,15,"2",2020/02/02 16:35:53.468,2020/02/15 7:48:01.426,"0","1"
121,"84948513",2020,3,8,13,15,"2",2020/02/02 16:36:20.128,2020/02/15 7:48:26.129,"0","1"
122,"86947691",2020,3,8,13,15,"2",2020/02/02 16:36:45.907,2020/02/15 7:48:57.824,"0","1"
123,"87259413",2020,3,8,13,15,"2",2020/02/02 16:37:22.635,2020/02/15 7:49:13.931,"0","1"
124,"87259422",2020,3,8,13,15,"2",2020/02/02 16:37:48.592,2020/02/15 7:49:30.432,"0","1"
125,"84134418",2020,3,8,13,15,"2",2020/02/02 16:38:14.205,2020/02/15 7:49:53.221,"0","1"
126,"86315881",2020,3,8,13,15,"2",2020/02/02 16:38:40.556,2020/02/15 7:50:21.961,"0","1"
127,"83920187",2020,3,8,13,15,"2",2020/02/02 16:39:10.994,2020/02/15 7:50:59.210,"0","1"
128,"84808001",2020,3,8,13,15,"2",2020/02/02 16:39:36.908,2020/02/15 7:51:34.846,"0","1"
129,"86243996",2020,3,8,13,15,"2",2020/02/02 16:40:02.369,2020/02/15 7:52:08.537,"0","1"
133,"87328259",2020,3,8,15,17,"2",2020/02/02 16:41:50.273,2020/02/15 7:52:44.054,"0","1"
134,"87328268",2020,3,8,15,17,"2",2020/02/02 16:42:15.989,2020/02/15 7:53:20.679,"0","1"
135,"87328230",2020,3,8,15,17,"2",2020/02/02 16:42:41.678,2020/02/15 7:53:54.659,"0","1"
136,"87542606",2020,3,8,15,17,"2",2020/02/02 16:43:15.670,2020/02/15 7:54:31.177,"0","1"
138,"86585448",2020,3,8,15,17,"2",2020/02/02 16:44:07.522,2020/02/15 7:55:36.264,"0","1"
139,"86314238",2020,3,8,15,17,"2",2020/02/02 16:44:38.689,2020/02/15 7:59:12.035,"0","1"
149,"86576180",2020,3,15,13,15,"0",2020/02/02 17:12:00.117,2020/02/15 7:59:26.936,"0","1"
150,"86573853",2020,3,15,13,15,"0",2020/02/02 17:12:26.742,2020/02/15 7:59:42.068,"0","1"
151,"86814995",2020,3,15,13,15,"0",2020/02/02 17:12:52.364,2020/02/15 7:59:56.404,"0","1"
152,"85634420",2020,3,15,13,15,"0",2020/02/02 17:13:25.231,2020/02/15 8:00:11.080,"0","1"
153,"86817740",2020,3,15,13,15,"0",2020/02/02 17:13:52.150,2020/02/15 8:00:25.554,"0","1"
154,"86818777",2020,3,15,13,15,"0",2020/02/02 17:14:20.665,2020/02/15 8:00:46.164,"0","1"
155,"87058372",2020,3,15,13,15,"0",2020/02/02 17:14:47.705,2020/02/15 8:01:15.652,"0","1"
156,"85913101",2020,3,15,13,15,"0",2020/02/02 17:15:24.584,2020/02/15 8:01:34.070,"0","1"
157,"85536617",2020,3,15,15,17,"0",2020/02/02 17:15:51.718,2020/02/15 8:01:51.160,"0","1"
158,"87086314",2020,3,15,15,17,"0",2020/02/02 17:16:18.020,2020/02/15 8:02:06.036,"0","1"
159,"87244251",2020,3,15,15,17,"0",2020/02/02 17:16:43.962,2020/02/15 8:02:22.827,"0","1"
160,"87244438",2020,3,15,15,17,"0",2020/02/02 17:17:19.487,2020/02/15 8:02:36.723,"0","1"
161,"87244447",2020,3,15,15,17,"0",2020/02/02 17:17:55.980,2020/02/15 8:02:59.211,"0","1"
162,"86146771",2020,3,15,15,17,"0",2020/02/02 17:18:49.492,2020/02/15 8:03:14.398,"0","1"
163,"85632487",2020,3,15,15,17,"0",2020/02/02 17:19:23.573,2020/02/15 8:03:29.585,"0","1"
164,"86601338",2020,3,21,13,15,"0",2020/02/02 17:25:26.793,2020/02/15 8:03:52.636,"0","1"
165,"87107166",2020,3,21,13,15,"0",2020/02/02 17:25:52.634,2020/02/15 8:04:29.560,"0","1"
166,"87088869",2020,3,21,13,15,"0",2020/02/02 17:26:18.252,2020/02/15 8:05:15.316,"0","1"
178,"86110420",2020,3,28,13,15,"1",2020/02/02 17:32:13.452,2020/02/09 12:56:25.723,"1","0"
179,"83602047",2020,3,28,13,15,"1",2020/02/02 17:32:39.157,2020/02/09 12:56:33.615,"1","0"
180,"85362831",2020,3,28,13,15,"1",2020/02/02 17:33:07.906,2020/02/09 12:56:40.690,"1","0"
181,"85362804",2020,3,28,13,15,"1",2020/02/02 17:33:33.762,2020/02/09 12:56:47.807,"1","0"
188,"86555096",2020,3,28,15,17,"1",2020/02/02 17:36:40.454,2020/02/09 12:57:07.531,"1","0"
189,"87207684",2020,3,28,15,17,"1",2020/02/02 17:37:10.062,2020/02/09 12:57:17.445,"1","0"
190,"86138949",2020,3,28,15,17,"1",2020/02/02 17:37:37.278,2020/02/09 12:57:26.118,"1","0"
191,"87208306",2020,3,28,15,17,"1",2020/02/02 17:38:07.089,2020/02/09 12:57:35.457,"1","0"
130,"86329053",2020,3,8,15,17,"2",2020/02/02 16:40:27.553,2020/02/09 13:00:00.019,"1","0"
209,"87242690",2020,3,7,9,11,"3",2020/02/10 19:40:31.576,2020/02/10 20:59:26.274,"1","0"
210,"86329044",2020,3,7,9,11,"3",2020/02/10 19:40:44.375,2020/02/15 7:41:54.961,"0","1"
211,"86757664",2020,3,7,9,11,"3",2020/02/10 19:41:07.353,2020/02/15 7:42:07.771,"0","1"
212,"86757673",2020,3,14,15,17,"3",2020/02/10 19:41:23.180,2020/02/15 7:42:21.422,"0","1"
213,"87483716",2020,3,14,15,17,"3",2020/02/10 19:41:35.188,2020/02/15 7:42:37.196,"0","1"
214,"87692956",2020,3,14,15,17,"3",2020/02/10 19:41:47.722,2020/02/15 7:42:58.270,"0","1"
215,"87242690",2020,3,7,9,11,"3",2020/02/10 21:20:39.475,2020/02/15 7:43:27.936,"0","1"
137,"87542615",2020,3,8,15,17,"2",2020/02/02 16:43:42.639,2020/02/15 7:55:07.886,"0","1"
167,"86936700",2020,3,21,13,15,"0",2020/02/02 17:26:43.491,2020/02/15 8:05:50.072,"0","1"
168,"86280178",2020,3,21,13,15,"0",2020/02/02 17:27:18.144,2020/02/15 8:06:28.514,"0","1"
169,"86949751",2020,3,21,13,15,"0",2020/02/02 17:27:43.870,2020/02/15 8:07:04.395,"0","1"
170,"86281391",2020,3,21,13,15,"0",2020/02/02 17:28:08.802,2020/02/15 8:07:38.969,"0","1"
171,"87540706",2020,3,21,15,17,"0",2020/02/02 17:28:34.332,2020/02/15 8:08:29.058,"0","1"
172,"86936711",2020,3,21,15,17,"0",2020/02/02 17:29:02.144,2020/02/15 8:09:12.554,"0","1"
173,"87531153",2020,3,21,15,17,"0",2020/02/02 17:29:28.122,2020/02/15 8:09:51.166,"0","1"
174,"83366232",2020,3,21,15,17,"0",2020/02/02 17:29:55.450,2020/02/15 8:10:26.248,"0","1"
175,"85661983",2020,3,21,15,17,"0",2020/02/02 17:30:20.869,2020/02/15 8:11:01.491,"0","1"
176,"85661974",2020,3,21,15,17,"0",2020/02/02 17:30:48.312,2020/02/15 8:11:37.463,"0","1"
177,"86110458",2020,3,21,15,17,"0",2020/02/02 17:31:42.742,2020/02/15 8:12:32.369,"0","1"
182,"86693349",2020,3,28,13,15,"1",2020/02/02 17:33:58.865,2020/02/15 8:13:17.116,"0","1"
183,"85796801",2020,3,28,13,15,"1",2020/02/02 17:34:24.278,2020/02/15 8:13:53.999,"0","1"
184,"86678831",2020,3,28,13,15,"1",2020/02/02 17:34:57.283,2020/02/15 8:14:09.930,"0","1"
185,"84317462",2020,3,28,13,15,"1",2020/02/02 17:35:22.577,2020/02/15 8:14:26.686,"0","1"
186,"85362840",2020,3,28,13,15,"1",2020/02/02 17:35:48.409,2020/02/15 8:14:41.049,"0","1"
187,"87207701",2020,3,28,13,15,"1",2020/02/02 17:36:13.702,2020/02/15 8:14:56.091,"0","1"
192,"87208315",2020,3,28,15,17,"1",2020/02/02 17:38:36.547,2020/02/15 8:15:13.813,"0","1"
193,"87209441",2020,3,28,15,17,"1",2020/02/02 17:39:05.709,2020/02/15 8:15:28.702,"0","1"
194,"86138931",2020,3,28,15,17,"1",2020/02/02 17:39:31.241,2020/02/15 8:15:43.506,"0","1"
195,"87289231",2020,3,28,15,17,"1",2020/02/02 17:39:56.313,2020/02/15 8:16:06.476,"0","1"
196,"87900844",2020,3,28,15,17,"1",2020/02/02 17:40:21.527,2020/02/15 8:16:41.705,"0","1"
197,"86583243",2020,3,15,13,15,"0",2020/02/09 13:08:09.159,2020/02/15 8:17:22.345,"0","1"
198,"86329053",2020,3,15,13,15,"0",2020/02/09 13:08:22.170,2020/02/15 8:17:53.153,"0","1"
199,"86560751",2020,3,15,15,17,"0",2020/02/09 13:08:35.058,2020/02/15 8:18:15.423,"0","1"
200,"86110420",2020,3,15,15,17,"0",2020/02/09 13:08:48.164,2020/02/15 8:18:53.925,"0","1"
201,"83602047",2020,3,21,13,15,"0",2020/02/09 13:09:10.223,2020/02/15 8:19:32.693,"0","1"
202,"85362831",2020,3,21,13,15,"0",2020/02/09 13:09:24.277,2020/02/15 8:20:17.605,"0","1"
203,"85362804",2020,3,21,13,15,"0",2020/02/09 13:09:46.499,2020/02/15 8:21:14.146,"0","1"
204,"86555096",2020,3,21,15,17,"0",2020/02/09 13:09:58.972,2020/02/15 8:21:33.475,"0","1"
205,"87207684",2020,3,21,15,17,"0",2020/02/09 13:10:11.513,2020/02/15 8:21:47.156,"0","1"
206,"86138949",2020,3,28,15,17,"1",2020/02/09 13:10:24.052,2020/02/15 8:22:00.824,"0","1"
207,"87208306",2020,3,28,15,17,"1",2020/02/09 13:10:38.595,2020/02/15 8:22:11.366,"0","1"
208,"86583931",2020,3,21,13,15,"0",2020/02/09 13:13:14.214,2020/02/15 8:22:25.700,"0","1"
237,"86818777",2020,4,18,13,15,"0",2020/03/01 10:58:15.809,2020/03/01 11:28:02.595,"1","0"
238,"87058372",2020,4,18,13,15,"0",2020/03/01 10:58:36.125,2020/03/01 11:28:13.446,"1","0"
226,"86583243",2020,4,4,15,17,"0",2020/03/01 10:54:50.729,2020/03/10 21:13:44.441,"1","0"
239,"85913101",2020,4,18,13,15,"0",2020/03/01 10:58:55.133,2020/03/10 21:14:05.495,"1","0"
216,"85033445",2020,4,4,13,15,"0",2020/03/01 10:51:32.616,2020/03/14 7:45:55,"0","1"
217,"84948513",2020,4,4,13,15,"0",2020/03/01 10:51:53.668,2020/03/14 7:46:10.109,"0","1"
218,"86947691",2020,4,4,13,15,"0",2020/03/01 10:52:12.306,2020/03/14 7:46:24.915,"0","1"
219,"87259413",2020,4,4,13,15,"0",2020/03/01 10:52:32.240,2020/03/14 7:46:39.236,"0","1"
220,"87259422",2020,4,4,13,15,"0",2020/03/01 10:52:57.014,2020/03/14 7:46:53.558,"0","1"
221,"84134418",2020,4,4,13,15,"0",2020/03/01 10:53:19.888,2020/03/14 7:47:08.141,"0","1"
222,"86315881",2020,4,4,13,15,"0",2020/03/01 10:53:40.003,2020/03/14 7:47:25.078,"0","1"
223,"83920187",2020,4,4,13,15,"0",2020/03/01 10:53:56.604,2020/03/14 7:47:41.398,"0","1"
224,"84808001",2020,4,4,13,15,"0",2020/03/01 10:54:13.943,2020/03/14 7:47:56.524,"0","1"
225,"86243996",2020,4,4,13,15,"0",2020/03/01 10:54:34.736,2020/03/14 7:48:11.410,"0","1"
227,"86583931",2020,4,4,15,17,"0",2020/03/01 10:55:06.989,2020/03/14 7:48:26.365,"0","1"
229,"87328230",2020,4,4,15,17,"0",2020/03/01 10:55:40.014,2020/03/14 7:48:54.882,"0","1"
230,"87542606",2020,4,4,15,17,"0",2020/03/01 10:55:55.966,2020/03/14 7:49:09.346,"0","1"
231,"87542615",2020,4,4,15,17,"0",2020/03/01 10:56:21.557,2020/03/14 7:49:28.356,"0","1"
232,"86314238",2020,4,4,15,17,"0",2020/03/01 10:56:40.157,2020/03/14 7:49:45.437,"0","1"
233,"86576180",2020,4,4,15,17,"0",2020/03/01 10:56:58.973,2020/03/14 7:50:05.361,"0","1"
234,"86573853",2020,4,4,15,17,"0",2020/03/01 10:57:23.182,2020/03/14 7:50:20.937,"0","1"
235,"85634420",2020,4,4,15,17,"0",2020/03/01 10:57:40.617,2020/03/14 7:50:36.171,"0","1"
240,"87086314",2020,4,18,13,15,"0",2020/03/01 10:59:22.492,2020/03/14 7:50:51.031,"0","1"
241,"87244251",2020,4,18,13,15,"0",2020/03/01 11:11:22.213,2020/03/14 7:51:06.073,"0","1"
242,"87244438",2020,4,18,13,15,"0",2020/03/01 11:11:41.716,2020/03/14 7:51:21.058,"0","1"
243,"87244447",2020,4,18,13,15,"0",2020/03/01 11:11:58.800,2020/03/14 7:51:35.898,"0","1"
244,"86146771",2020,4,18,13,15,"0",2020/03/01 11:12:15.492,2020/03/14 7:51:57.722,"0","1"
245,"85632487",2020,4,18,13,15,"0",2020/03/01 11:12:31.974,2020/03/14 7:52:11.841,"0","1"
246,"86601338",2020,4,18,15,17,"0",2020/03/01 11:12:50.565,2020/03/14 7:52:27.422,"0","1"
247,"87107166",2020,4,18,15,17,"0",2020/03/01 11:13:09.235,2020/03/14 7:52:42.091,"0","1"
248,"86280178",2020,4,18,15,17,"0",2020/03/01 11:13:28.485,2020/03/14 7:52:56.684,"0","1"
249,"86949751",2020,4,18,15,17,"0",2020/03/01 11:13:52.404,2020/03/14 7:53:11.306,"0","1"
250,"86281391",2020,4,18,13,15,"0",2020/03/01 11:15:19.853,2020/03/14 7:53:25.879,"0","1"
236,"86817740",2020,4,18,13,15,"0",2020/03/01 10:57:58.894,2020/03/01 11:27:50.838,"1","0"
228,"87328259",2020,4,4,15,17,"0",2020/03/01 10:55:22.845,2020/03/14 7:48:40.153,"0","1"
251,"87531153",2020,4,18,13,15,"0",2020/03/01 11:15:38.285,2020/03/14 7:53:41.687,"0","1"
252,"83366232",2020,4,18,13,15,"0",2020/03/01 11:15:55.688,2020/03/14 7:53:56.561,"0","1"
253,"85661983",2020,4,18,15,17,"0",2020/03/01 11:24:15.407,2020/03/14 7:54:11.802,"0","1"
254,"85661974",2020,4,18,15,17,"0",2020/03/01 11:24:38.368,2020/03/14 7:54:27.576,"0","1"
255,"86110458",2020,4,18,15,17,"0",2020/03/01 11:24:57.714,2020/03/14 7:54:43.016,"0","1"
256,"86817740",2020,4,18,15,17,"0",2020/03/01 11:30:01.175,2020/03/14 7:54:58.612,"0","1"
257,"86818777",2020,4,18,15,17,"0",2020/03/01 11:30:16.413,2020/03/14 7:55:13.570,"0","1"
258,"87058372",2020,4,12,13,15,"0",2020/03/04 19:39:19.464,2020/03/14 7:55:28.331,"0","1"
259,"86110420",2020,4,12,13,15,"0",2020/03/04 19:39:38.557,2020/03/14 7:55:44.252,"0","1"
260,"83602047",2020,4,12,13,15,"0",2020/03/04 19:39:51.810,2020/03/14 7:55:58.931,"0","1"
261,"85362831",2020,4,12,13,15,"0",2020/03/04 19:40:09.465,2020/03/14 7:56:12.823,"0","1"
262,"85362804",2020,4,12,13,15,"0",2020/03/04 19:40:24.026,2020/03/14 7:56:27.747,"0","1"
263,"86693349",2020,4,12,13,15,"0",2020/03/04 19:40:41.955,2020/03/14 7:56:42.397,"0","1"
264,"85796801",2020,4,12,13,15,"0",2020/03/04 19:41:41.527,2020/03/14 7:56:57.185,"0","1"
265,"86678831",2020,4,12,13,15,"0",2020/03/04 19:41:56.339,2020/03/14 7:57:11.876,"0","1"
266,"84317462",2020,4,12,13,15,"0",2020/03/04 19:42:09.637,2020/03/14 7:57:18.258,"0","1"
267,"85362840",2020,4,12,13,15,"0",2020/03/04 19:42:23.241,2020/03/14 7:57:33.127,"0","1"
268,"87207701",2020,4,12,15,17,"0",2020/03/04 19:42:39.340,2020/03/14 7:57:52.002,"0","1"
269,"86555096",2020,4,12,15,17,"0",2020/03/04 19:42:52.303,2020/03/14 7:58:07.589,"0","1"
270,"87207684",2020,4,12,15,17,"0",2020/03/04 19:43:05.766,2020/03/14 7:58:23.392,"0","1"
271,"86138949",2020,4,12,15,17,"0",2020/03/04 19:43:19.399,2020/03/14 7:58:38.292,"0","1"
272,"87208306",2020,4,12,15,17,"0",2020/03/04 19:43:43.105,2020/03/14 7:58:53.166,"0","1"
273,"87208315",2020,4,12,15,17,"0",2020/03/04 19:44:05.194,2020/03/14 7:59:08.104,"0","1"
274,"87209441",2020,4,12,15,17,"0",2020/03/04 19:44:36.548,2020/03/14 7:59:21.981,"0","1"
275,"86138931",2020,4,12,15,17,"0",2020/03/04 19:44:54.536,2020/03/14 7:59:43.690,"0","1"
276,"87289231",2020,4,12,15,17,"0",2020/03/04 19:45:09.085,2020/03/14 7:59:58.378,"0","1"
277,"87900844",2020,4,12,15,17,"0",2020/03/04 19:45:23.530,2020/03/14 8:00:12.962,"0","1"
293,"86583243",2020,4,4,13,15,"0",2020/03/10 21:14:26.601,2020/03/14 8:00:27.658,"0","1"
294,"85913101",2020,4,12,15,17,"0",2020/03/10 21:14:51.105,2020/03/14 8:00:42.253,"0","1"
295,"85536617",2020,4,12,15,17,"0",2020/03/10 21:15:02.208,2020/03/14 8:00:56.230,"0","1"
278,"86329053",2020,4,11,13,15,"3",2020/03/08 17:54:57.998,2020/03/14 8:24:06.154,"0","1"
279,"86560751",2020,4,11,13,15,"3",2020/03/08 17:55:13.426,2020/03/14 8:24:21.332,"0","1"
280,"87242690",2020,4,11,13,15,"3",2020/03/08 17:55:34.778,2020/03/14 8:24:36.257,"0","1"
281,"87328268",2020,4,11,15,17,"3",2020/03/08 17:55:49.824,2020/03/14 8:24:51.058,"0","1"
282,"86585448",2020,4,11,15,17,"3",2020/03/08 17:56:13.265,2020/03/14 8:25:06.286,"0","1"
283,"86814995",2020,4,11,15,17,"3",2020/03/08 17:56:34.201,2020/03/14 8:25:23.117,"0","1"
284,"87088869",2020,4,25,13,15,"0",2020/03/08 17:58:18.284,2020/03/14 8:25:44,"0","1"
285,"86936700",2020,4,25,13,15,"0",2020/03/08 17:58:34.775,2020/03/14 8:26:21.542,"0","1"
286,"87540706",2020,4,25,13,15,"0",2020/03/08 17:59:29.396,2020/03/14 8:26:56.232,"0","1"
287,"86936711",2020,4,25,15,17,"0",2020/03/08 18:01:04.848,2020/03/14 8:27:31.246,"0","1"
288,"86329044",2020,4,25,15,17,"0",2020/03/08 18:01:18.694,2020/03/14 8:28:12.455,"0","1"
289,"86757664",2020,4,29,13,15,"3",2020/03/08 18:01:40.116,2020/03/14 8:28:47.217,"0","1"
290,"86757673",2020,4,29,13,15,"3",2020/03/08 18:02:30.941,2020/03/14 8:29:22.114,"0","1"
291,"87483716",2020,4,29,15,17,"3",2020/03/08 18:02:48.470,2020/03/14 8:29:57.504,"0","1"
292,"87692956",2020,4,29,15,17,"3",2020/03/08 18:03:10.240,2020/03/14 8:30:27.243,"0","1"
296,"85033445",2020,5,24,9,11,"0",2020/04/01 19:46:19.172,2020/04/01 19:46:19.172,"0","0"
297,"84948513",2020,5,24,9,11,"0",2020/04/01 19:46:31.192,2020/04/01 19:46:31.192,"0","0"
298,"86947691",2020,5,24,9,11,"0",2020/04/01 19:46:43.053,2020/04/01 19:46:43.053,"0","0"
299,"87259413",2020,5,24,9,11,"0",2020/04/01 19:46:55.285,2020/04/01 19:46:55.285,"0","0"
300,"87259422",2020,5,24,9,11,"0",2020/04/01 19:47:13.733,2020/04/01 19:47:13.733,"0","0"
301,"84134418",2020,5,24,9,11,"0",2020/04/01 19:47:49.751,2020/04/01 19:47:49.751,"0","0"
302,"86315881",2020,5,24,9,11,"0",2020/04/01 19:48:02.341,2020/04/01 19:48:02.342,"0","0"
303,"83920187",2020,5,24,9,11,"0",2020/04/01 19:48:14.039,2020/04/01 19:48:14.039,"0","0"
304,"84808001",2020,5,24,9,11,"0",2020/04/01 19:48:26.061,2020/04/01 19:48:26.061,"0","0"
305,"86243996",2020,5,24,9,11,"0",2020/04/01 19:48:37.887,2020/04/01 19:48:37.887,"0","0"
306,"86583243",2020,5,24,9,11,"0",2020/04/01 19:48:50.074,2020/04/01 19:48:50.074,"0","0"
307,"86583931",2020,5,24,9,11,"0",2020/04/01 19:49:02.399,2020/04/01 19:49:02.399,"0","0"
308,"87328259",2020,5,24,9,11,"0",2020/04/01 19:49:14.328,2020/04/01 19:49:14.328,"0","0"
309,"87328230",2020,5,24,9,11,"0",2020/04/01 19:49:26.127,2020/04/01 19:49:26.127,"0","0"
310,"87542606",2020,5,24,9,11,"0",2020/04/01 19:49:37.714,2020/04/01 19:49:37.714,"0","0"
311,"87542615",2020,5,24,9,11,"0",2020/04/01 19:49:49.793,2020/04/01 19:49:49.793,"0","0"
312,"86314238",2020,5,24,9,11,"0",2020/04/01 19:50:02.624,2020/04/01 19:50:02.624,"0","0"
313,"86576180",2020,5,24,9,11,"0",2020/04/01 19:50:14.897,2020/04/01 19:50:14.897,"0","0"
314,"86573853",2020,5,24,9,11,"0",2020/04/01 19:50:28.040,2020/04/01 19:50:28.040,"0","0"
315,"85634420",2020,5,24,9,11,"0",2020/04/01 19:50:39.824,2020/04/01 19:50:39.824,"0","0"
316,"86817740",2020,5,24,9,11,"0",2020/04/01 19:50:51.852,2020/04/01 19:50:51.852,"0","0"
317,"86818777",2020,5,24,9,11,"0",2020/04/01 19:51:01.895,2020/04/01 19:51:01.896,"0","0"
318,"87058372",2020,5,24,9,11,"0",2020/04/01 19:51:13.995,2020/04/01 19:51:13.995,"0","0"
319,"85913101",2020,5,24,9,11,"0",2020/04/01 19:51:26.404,2020/04/01 19:51:26.404,"0","0"
320,"85536617",2020,5,24,9,11,"0",2020/04/01 19:51:38.733,2020/04/01 19:51:38.733,"0","0"
321,"87086314",2020,5,24,9,11,"0",2020/04/01 19:51:51.358,2020/04/01 19:51:51.358,"0","0"
322,"87244251",2020,5,24,9,11,"0",2020/04/01 19:52:04.139,2020/04/01 19:52:04.139,"0","0"
324,"84948513",2020,7,5,15,17,"1",2020/06/03 21:09:25.521,2020/06/14 8:28:36.552,"0","1"
325,"86947691",2020,7,5,15,17,"1",2020/06/03 21:09:36.290,2020/06/14 8:28:50.083,"0","1"
326,"87259413",2020,7,5,15,17,"1",2020/06/03 21:09:46.937,2020/06/14 8:29:03.406,"0","1"
327,"87259422",2020,7,5,15,17,"1",2020/06/03 21:09:57.449,2020/06/14 8:29:15.720,"0","1"
328,"84134418",2020,7,5,15,17,"1",2020/06/03 21:10:08.253,2020/06/14 8:29:29.209,"0","1"
329,"86315881",2020,7,5,15,17,"1",2020/06/03 21:10:19.090,2020/06/14 8:29:42.558,"0","1"
330,"83920187",2020,7,5,15,17,"1",2020/06/03 21:10:29.803,2020/06/14 8:29:55.874,"0","1"
331,"84808001",2020,7,5,15,17,"1",2020/06/03 21:10:40.699,2020/06/14 8:30:09.416,"0","1"
332,"86243996",2020,7,5,15,17,"1",2020/06/03 21:10:51.620,2020/06/14 8:30:23.012,"0","1"
333,"86583243",2020,7,5,15,17,"1",2020/06/03 21:11:02.328,2020/06/14 8:30:36.411,"0","1"
334,"86583931",2020,7,5,15,17,"1",2020/06/03 21:11:12.941,2020/06/14 8:30:49.908,"0","1"
398,"87483716",2020,7,25,9,11,"0",2020/06/06 13:50:46.110,2020/06/06 13:52:27.288,"1","0"
399,"87692956",2020,7,25,9,11,"0",2020/06/06 13:50:56.654,2020/06/06 13:52:33.325,"1","0"
400,"87780761",2020,7,25,9,11,"0",2020/06/06 13:51:06.985,2020/06/06 13:52:39.458,"1","0"
384,"86329053",2020,7,4,17,19,"3",2020/06/06 13:44:01.237,2020/06/14 8:23:32.571,"0","1"
385,"86560751",2020,7,4,17,19,"3",2020/06/06 13:44:11.807,2020/06/14 8:23:46.208,"0","1"
386,"87242690",2020,7,4,17,19,"3",2020/06/06 13:44:22.180,2020/06/14 8:23:59.538,"0","1"
387,"87328268",2020,7,11,17,19,"0",2020/06/06 13:44:32.965,2020/06/14 8:24:12.763,"0","1"
388,"86585448",2020,7,11,17,19,"0",2020/06/06 13:44:43.438,2020/06/14 8:24:26.241,"0","1"
389,"86814995",2020,7,11,17,19,"0",2020/06/06 13:44:54.723,2020/06/14 8:24:39.741,"0","1"
390,"87088869",2020,7,19,13,15,"0",2020/06/06 13:45:05.292,2020/06/14 8:24:53.042,"0","1"
391,"86936700",2020,7,19,13,15,"0",2020/06/06 13:45:15.747,2020/06/14 8:25:06.141,"0","1"
392,"86949751",2020,7,19,13,15,"0",2020/06/06 13:45:26.413,2020/06/14 8:25:19.322,"0","1"
393,"87540706",2020,7,19,13,15,"0",2020/06/06 13:45:37.216,2020/06/14 8:25:32.532,"0","1"
394,"86936711",2020,7,19,13,15,"0",2020/06/06 13:45:47.779,2020/06/14 8:25:45.436,"0","1"
395,"86329044",2020,7,5,15,17,"1",2020/06/06 13:48:56.309,2020/06/14 8:25:59.014,"0","1"
396,"86757664",2020,7,11,17,19,"0",2020/06/06 13:49:07.189,2020/06/14 8:26:12.142,"0","1"
397,"86757673",2020,7,19,13,15,"0",2020/06/06 13:49:17.405,2020/06/14 8:26:25.865,"0","1"
401,"87483716",2020,7,25,9,11,"3",2020/06/06 13:53:12.216,2020/06/14 8:26:38.948,"0","1"
402,"87692956",2020,7,25,9,11,"3",2020/06/06 13:53:22.773,2020/06/14 8:26:52.814,"0","1"
403,"87780761",2020,7,25,9,11,"3",2020/06/06 13:53:33.505,2020/06/14 8:27:07.572,"0","1"
323,"85033445",2020,7,5,15,17,"1",2020/06/03 21:09:13.941,2020/06/14 8:28:22.722,"0","1"
335,"87328259",2020,7,5,15,17,"1",2020/06/03 21:11:23.491,2020/06/14 8:31:02.992,"0","1"
336,"87328230",2020,7,5,15,17,"1",2020/06/03 21:11:34.239,2020/06/14 8:31:16.245,"0","1"
337,"87542606",2020,7,5,15,17,"1",2020/06/03 21:11:44.791,2020/06/14 8:31:29.591,"0","1"
338,"87542615",2020,7,5,15,17,"1",2020/06/03 21:11:55.138,2020/06/14 8:31:43.214,"0","1"
339,"86314238",2020,7,5,15,17,"1",2020/06/03 21:12:06.642,2020/06/14 8:31:57.568,"0","1"
340,"86576180",2020,7,5,15,17,"1",2020/06/03 21:12:17.551,2020/06/14 8:32:10.871,"0","1"
341,"86573853",2020,7,5,15,17,"1",2020/06/03 21:12:28.395,2020/06/14 8:32:24.136,"0","1"
342,"85634420",2020,7,5,15,17,"1",2020/06/03 21:12:38.904,2020/06/14 8:32:37.048,"0","1"
343,"86817740",2020,7,5,15,17,"1",2020/06/03 21:12:49.515,2020/06/14 8:32:48.780,"0","1"
344,"86818777",2020,7,5,15,17,"1",2020/06/03 21:13:00.134,2020/06/14 8:33:01.723,"0","1"
345,"87058372",2020,7,5,15,17,"1",2020/06/03 21:13:11.976,2020/06/14 8:33:14.650,"0","1"
346,"85913101",2020,7,5,15,17,"1",2020/06/03 21:13:23.012,2020/06/14 8:33:27.788,"0","1"
347,"85536617",2020,7,5,15,17,"1",2020/06/03 21:13:33.428,2020/06/14 8:33:41.604,"0","1"
348,"87086314",2020,7,12,13,15,"0",2020/06/03 21:13:44.008,2020/06/14 8:33:58.488,"0","1"
349,"87244251",2020,7,12,13,15,"0",2020/06/03 21:13:54.948,2020/06/14 8:34:13.270,"0","1"
350,"87244438",2020,7,12,13,15,"0",2020/06/03 21:14:05.477,2020/06/14 8:34:30.039,"0","1"
351,"87244447",2020,7,12,13,15,"0",2020/06/03 21:14:15.992,2020/06/14 8:34:48.002,"0","1"
352,"86146771",2020,7,12,13,15,"0",2020/06/03 21:14:26.691,2020/06/14 8:35:05.533,"0","1"
353,"85632487",2020,7,12,13,15,"0",2020/06/03 21:14:37.325,2020/06/14 8:35:24.811,"0","1"
354,"86601338",2020,7,12,13,15,"0",2020/06/03 21:14:47.587,2020/06/14 8:35:44.033,"0","1"
355,"87107166",2020,7,12,13,15,"0",2020/06/03 21:14:58.521,2020/06/14 8:36:00.815,"0","1"
356,"86280178",2020,7,12,13,15,"0",2020/06/03 21:15:10.048,2020/06/14 8:36:18.903,"0","1"
357,"86281391",2020,7,12,13,15,"0",2020/06/03 21:15:20.566,2020/06/14 8:36:32.145,"0","1"
358,"87531153",2020,7,12,13,15,"0",2020/06/03 21:15:31.133,2020/06/14 8:36:46.058,"0","1"
359,"83366232",2020,7,12,13,15,"0",2020/06/03 21:15:41.892,2020/06/14 8:36:59.322,"0","1"
360,"85661983",2020,7,12,13,15,"0",2020/06/03 21:15:52.472,2020/06/14 8:37:12.797,"0","1"
361,"85661974",2020,7,12,13,15,"0",2020/06/03 21:16:03.174,2020/06/14 8:37:26.094,"0","1"
362,"86110458",2020,7,12,13,15,"0",2020/06/03 21:16:13.737,2020/06/14 8:37:39.939,"0","1"
363,"86110420",2020,7,12,13,15,"0",2020/06/03 21:16:24.211,2020/06/14 8:37:54.579,"0","1"
364,"83602047",2020,7,12,13,15,"0",2020/06/03 21:16:35.049,2020/06/14 8:38:07.905,"0","1"
365,"85362831",2020,7,12,13,15,"0",2020/06/03 21:16:45.940,2020/06/14 8:38:21.216,"0","1"
366,"85362804",2020,7,12,13,15,"0",2020/06/03 21:16:56.663,2020/06/14 8:38:34.759,"0","1"
367,"86693349",2020,7,12,13,15,"0",2020/06/03 21:17:07.474,2020/06/14 8:38:48.042,"0","1"
368,"85796801",2020,7,23,13,15,"0",2020/06/03 21:17:17.995,2020/06/14 8:39:01.444,"0","1"
369,"86678831",2020,7,23,13,15,"0",2020/06/03 21:17:28.628,2020/06/14 8:39:15.001,"0","1"
370,"83366214",2020,7,23,13,15,"0",2020/06/03 21:17:39.151,2020/06/14 8:39:28.359,"0","1"
371,"84317462",2020,7,23,13,15,"0",2020/06/03 21:17:49.682,2020/06/14 8:39:41.787,"0","1"
372,"85362840",2020,7,23,13,15,"0",2020/06/03 21:18:00.316,2020/06/14 8:39:54.023,"0","1"
373,"87207701",2020,7,23,13,15,"0",2020/06/03 21:18:11.239,2020/06/14 8:40:07.294,"0","1"
374,"86555096",2020,7,23,13,15,"0",2020/06/03 21:18:21.708,2020/06/14 8:40:20.911,"0","1"
375,"87207684",2020,7,23,13,15,"0",2020/06/03 21:18:32.189,2020/06/14 8:40:34.331,"0","1"
376,"86138949",2020,7,23,13,15,"0",2020/06/03 21:18:43.029,2020/06/14 8:40:46.793,"0","1"
377,"87208306",2020,7,23,13,15,"0",2020/06/03 21:18:53.743,2020/06/14 8:41:00.106,"0","1"
378,"87208315",2020,7,23,13,15,"0",2020/06/03 21:19:04.292,2020/06/14 8:41:13.568,"0","1"
379,"87209441",2020,7,23,13,15,"0",2020/06/03 21:19:14.971,2020/06/14 8:41:26.901,"0","1"
380,"86138931",2020,7,23,13,15,"0",2020/06/03 21:19:25.974,2020/06/14 8:41:39.849,"0","1"
381,"87289231",2020,7,23,13,15,"0",2020/06/03 21:19:36.812,2020/06/14 8:41:52.904,"0","1"
382,"87900844",2020,7,23,13,15,"0",2020/06/03 21:19:47.256,2020/06/14 8:42:05.730,"0","1"
383,"87911144",2020,7,5,15,17,"1",2020/06/06 13:21:11.632,2020/06/14 8:42:20.839,"0","1"
404,"85033445",2020,8,9,9,11,"0",2020/07/05 8:21:08.570,2020/07/14 7:10:31.733,"0","1"
405,"84948513",2020,8,9,9,11,"0",2020/07/05 8:21:20.412,2020/07/14 7:10:49.026,"0","1"
406,"86947691",2020,8,9,9,11,"0",2020/07/05 8:21:31.543,2020/07/14 7:11:02.475,"0","1"
407,"87259413",2020,8,9,9,11,"0",2020/07/05 8:22:18.131,2020/07/14 7:11:15.879,"0","1"
408,"87259422",2020,8,9,9,11,"0",2020/07/05 8:22:37.077,2020/07/14 7:11:28.826,"0","1"
409,"84134418",2020,8,9,9,11,"0",2020/07/05 8:22:49.384,2020/07/14 7:11:42.181,"0","1"
410,"86315881",2020,8,9,9,11,"0",2020/07/05 8:23:07.933,2020/07/14 7:11:55.223,"0","1"
411,"83920187",2020,8,9,9,11,"0",2020/07/05 8:23:27.634,2020/07/14 7:12:08.393,"0","1"
412,"84808001",2020,8,9,9,11,"0",2020/07/05 8:23:43.820,2020/07/14 7:12:21.459,"0","1"
413,"86243996",2020,8,9,9,11,"0",2020/07/05 8:23:56.227,2020/07/14 7:12:26.433,"0","1"
414,"86583243",2020,8,9,9,11,"0",2020/07/05 8:24:09.950,2020/07/14 7:12:39.799,"0","1"
415,"86583931",2020,8,9,9,11,"0",2020/07/05 8:24:22.066,2020/07/14 7:12:54.111,"0","1"
416,"87328259",2020,8,9,9,11,"0",2020/07/05 8:24:38.542,2020/07/14 7:13:07.128,"0","1"
417,"87328230",2020,8,9,9,11,"0",2020/07/05 8:24:52.190,2020/07/14 7:13:19.930,"0","1"
418,"87542606",2020,8,9,9,11,"0",2020/07/05 8:25:07.021,2020/07/14 7:13:33.010,"0","1"
419,"87542615",2020,8,9,9,11,"0",2020/07/05 8:25:20.726,2020/07/14 7:13:46.129,"0","1"
420,"86314238",2020,8,9,9,11,"0",2020/07/05 8:25:32.309,2020/07/14 7:14:00.325,"0","1"
421,"86576180",2020,8,9,9,11,"0",2020/07/05 8:25:43.586,2020/07/14 7:14:13.324,"0","1"
422,"86573853",2020,8,9,9,11,"0",2020/07/05 8:26:02.184,2020/07/14 7:14:26.419,"0","1"
423,"85634420",2020,8,9,9,11,"0",2020/07/05 8:26:25.909,2020/07/14 7:14:39.616,"0","1"
424,"86817740",2020,8,15,15,18,"1",2020/07/05 8:26:45.182,2020/07/14 7:14:52.901,"0","1"
425,"86818777",2020,8,15,15,18,"1",2020/07/05 8:27:10.264,2020/07/14 7:15:06.086,"0","1"
426,"87058372",2020,8,15,15,18,"1",2020/07/05 8:27:30.029,2020/07/14 7:15:19.217,"0","1"
427,"85913101",2020,8,15,15,18,"1",2020/07/05 8:27:47.952,2020/07/14 7:15:32.355,"0","1"
428,"85536617",2020,8,15,15,18,"1",2020/07/05 8:28:10.466,2020/07/14 7:15:45.330,"0","1"
429,"87086314",2020,8,15,15,18,"1",2020/07/05 8:28:33.229,2020/07/14 7:15:58.561,"0","1"
430,"87244251",2020,8,15,15,18,"1",2020/07/05 8:28:54.996,2020/07/14 7:16:11.479,"0","1"
431,"87244438",2020,8,15,15,18,"1",2020/07/05 8:29:06.398,2020/07/14 7:16:24.356,"0","1"
432,"87244447",2020,8,15,15,18,"1",2020/07/05 8:29:17.735,2020/07/14 7:16:37.262,"0","1"
433,"86146771",2020,8,15,15,18,"1",2020/07/05 8:29:28.532,2020/07/14 7:16:50.564,"0","1"
434,"85632487",2020,8,15,15,18,"1",2020/07/05 8:29:39.067,2020/07/14 7:17:03.649,"0","1"
435,"86601338",2020,8,15,15,18,"1",2020/07/05 8:29:50.236,2020/07/14 7:17:16.756,"0","1"
436,"87107166",2020,8,15,15,18,"1",2020/07/05 8:30:01.307,2020/07/14 7:17:29.852,"0","1"
437,"86280178",2020,8,15,15,18,"1",2020/07/05 8:30:11.937,2020/07/14 7:17:42.771,"0","1"
438,"86281391",2020,8,15,15,18,"1",2020/07/05 8:31:10.250,2020/07/14 7:17:55.822,"0","1"
439,"87531153",2020,8,15,15,18,"1",2020/07/05 8:31:21.519,2020/07/14 7:18:08.705,"0","1"
440,"83366232",2020,8,15,15,18,"1",2020/07/05 8:31:32.061,2020/07/14 7:18:21.963,"0","1"
441,"85661983",2020,8,15,15,18,"1",2020/07/05 8:31:42.862,2020/07/14 7:18:27.254,"0","1"
442,"85661974",2020,8,15,15,18,"1",2020/07/05 8:31:55.941,2020/07/14 7:18:40.529,"0","1"
443,"86110458",2020,8,15,15,18,"1",2020/07/05 8:32:06.712,2020/07/14 7:18:53.943,"0","1"
444,"86110420",2020,8,15,15,18,"1",2020/07/05 8:32:18.360,2020/07/14 7:19:07.043,"0","1"
445,"83602047",2020,8,15,15,18,"1",2020/07/05 8:32:38.016,2020/07/14 7:19:20.065,"0","1"
446,"85362831",2020,8,15,15,18,"1",2020/07/05 8:32:49.774,2020/07/14 7:19:32.029,"0","1"
447,"85362804",2020,8,15,15,18,"1",2020/07/05 8:33:02.102,2020/07/14 7:19:45.113,"0","1"
448,"86693349",2020,8,15,15,18,"1",2020/07/05 8:33:13.036,2020/07/14 7:19:58.173,"0","1"
449,"85796801",2020,8,15,15,18,"1",2020/07/05 8:33:23.976,2020/07/14 7:20:11.252,"0","1"
450,"86678831",2020,8,23,15,17,"0",2020/07/05 8:33:34.863,2020/07/14 7:20:24.423,"0","1"
451,"83366214",2020,8,23,15,17,"0",2020/07/05 8:33:46.482,2020/07/14 7:20:37.633,"0","1"
452,"84317462",2020,8,23,15,17,"0",2020/07/05 8:34:16.577,2020/07/14 7:20:50.840,"0","1"
453,"85362840",2020,8,23,15,17,"0",2020/07/05 8:34:27.358,2020/07/14 7:21:04.077,"0","1"
454,"87207701",2020,8,23,15,17,"0",2020/07/05 8:34:38.277,2020/07/14 7:21:17.332,"0","1"
455,"86555096",2020,8,23,15,17,"0",2020/07/05 8:34:49.444,2020/07/14 7:21:30.559,"0","1"
456,"87207684",2020,8,23,15,17,"0",2020/07/05 8:35:02.592,2020/07/14 7:21:43.539,"0","1"
457,"86138949",2020,8,23,15,17,"0",2020/07/05 8:35:16.744,2020/07/14 7:21:56.801,"0","1"
458,"87208306",2020,8,23,15,17,"0",2020/07/05 8:35:29.334,2020/07/14 7:22:09.955,"0","1"
459,"87208315",2020,8,23,15,17,"0",2020/07/05 8:35:41.120,2020/07/14 7:22:22.991,"0","1"
460,"87209441",2020,8,23,15,17,"0",2020/07/05 8:35:52.562,2020/07/14 7:22:36.059,"0","1"
461,"86138931",2020,8,23,15,17,"0",2020/07/05 8:36:04.675,2020/07/14 7:22:49.207,"0","1"
462,"87289231",2020,8,23,15,17,"0",2020/07/05 8:36:16.269,2020/07/14 7:23:02.377,"0","1"
463,"87900844",2020,8,23,15,17,"0",2020/07/05 8:36:27.943,2020/07/14 7:23:14.751,"0","1"
464,"87911144",2020,8,9,9,11,"0",2020/07/05 8:42:19.632,2020/07/14 7:23:27.695,"0","1"
465,"86329053",2020,8,1,9,11,"3",2020/07/05 8:49:37.489,2020/07/14 7:27:40.175,"0","1"
466,"86560751",2020,8,1,9,11,"3",2020/07/05 8:49:48.895,2020/07/14 7:27:53.244,"0","1"
467,"87242690",2020,8,1,9,11,"3",2020/07/05 8:50:02.910,2020/07/14 7:28:06.223,"0","1"
468,"87328268",2020,8,1,9,11,"3",2020/07/05 8:50:15.379,2020/07/14 7:28:19.254,"0","1"
469,"86585448",2020,8,1,9,11,"3",2020/07/05 8:50:27.131,2020/07/14 7:28:32.354,"0","1"
470,"86814995",2020,8,1,9,11,"3",2020/07/05 8:50:38.851,2020/07/14 7:28:45.996,"0","1"
471,"87088869",2020,8,1,9,11,"3",2020/07/05 8:50:50.212,2020/07/14 7:29:00.255,"0","1"
472,"86936700",2020,8,8,15,18,"1",2020/07/05 8:51:02.547,2020/07/14 7:29:13.057,"0","1"
473,"86949751",2020,8,8,15,18,"1",2020/07/05 8:51:13.991,2020/07/14 7:29:26.216,"0","1"
474,"87540706",2020,8,8,15,18,"1",2020/07/05 8:51:25.541,2020/07/14 7:29:39.438,"0","1"
475,"86936711",2020,8,8,15,18,"1",2020/07/05 8:51:39.461,2020/07/14 7:29:52.488,"0","1"
476,"86329044",2020,8,22,9,11,"3",2020/07/05 8:51:52.003,2020/07/14 7:30:06.048,"0","1"
477,"86757664",2020,8,22,9,11,"3",2020/07/05 8:52:05.112,2020/07/14 7:30:19.302,"0","1"
478,"86757673",2020,8,22,9,11,"3",2020/07/05 8:52:18.169,2020/07/14 7:30:32.206,"0","1"
479,"87483716",2020,8,22,9,11,"3",2020/07/05 8:52:31.360,2020/07/14 7:30:45.397,"0","1"
480,"87692956",2020,8,22,9,11,"3",2020/07/05 8:52:43.298,2020/07/14 7:30:57.949,"0","1"
481,"87780761",2020,8,22,9,11,"3",2020/07/05 8:52:55.048,2020/07/14 7:31:11.027,"0","1"
482,"87911153",2020,8,22,9,11,"3",2020/07/05 8:53:07.100,2020/07/14 7:31:24.056,"0","1"
484,"84948513",2020,9,13,9,11,"0",2020/08/05 18:42:46.693,2020/08/07 21:15:23.113,"1","0"
485,"86947691",2020,9,13,9,11,"0",2020/08/05 18:42:58.447,2020/08/07 21:15:29.594,"1","0"
486,"87259413",2020,9,13,9,11,"0",2020/08/05 18:43:10.017,2020/08/07 21:15:35.980,"1","0"
498,"87542615",2020,9,21,13,15,"0",2020/08/05 18:46:10.551,2020/08/07 21:26:20.556,"1","0"
499,"86314238",2020,9,21,13,15,"0",2020/08/05 18:46:23.200,2020/08/07 21:26:30.639,"1","0"
487,"87259422",2020,9,13,9,11,"0",2020/08/05 18:43:24.912,2020/08/14 18:09:55.277,"0","1"
488,"84134418",2020,9,13,9,11,"0",2020/08/05 18:43:42.777,2020/08/14 18:10:08.765,"0","1"
489,"86315881",2020,9,13,9,11,"0",2020/08/05 18:44:19.888,2020/08/14 18:10:21.216,"0","1"
490,"83920187",2020,9,13,9,11,"0",2020/08/05 18:44:34.090,2020/08/14 18:10:35.222,"0","1"
491,"84808001",2020,9,13,9,11,"0",2020/08/05 18:44:44.766,2020/08/14 18:10:41.048,"0","1"
492,"86243996",2020,9,13,9,11,"0",2020/08/05 18:44:58.562,2020/08/14 18:10:53.954,"0","1"
493,"86583243",2020,9,13,9,11,"0",2020/08/05 18:45:10.292,2020/08/14 18:11:09.159,"0","1"
494,"86583931",2020,9,13,9,11,"0",2020/08/05 18:45:21.881,2020/08/14 18:11:24.607,"0","1"
495,"87328259",2020,9,13,9,11,"0",2020/08/05 18:45:33.341,2020/08/14 18:11:38.672,"0","1"
496,"87328230",2020,9,13,9,11,"0",2020/08/05 18:45:45.468,2020/08/14 18:11:52.909,"0","1"
497,"87542606",2020,9,13,9,11,"0",2020/08/05 18:45:57.824,2020/08/14 18:12:06.260,"0","1"
483,"85033445",2020,9,13,9,11,"0",2020/08/05 18:42:34.801,2020/08/07 21:15:16.352,"1","0"
505,"87058372",2020,9,21,15,17,"0",2020/08/05 18:50:29.842,2020/08/07 21:26:53.637,"1","0"
506,"87086314",2020,9,21,15,17,"0",2020/08/05 18:50:42.204,2020/08/07 21:27:01.802,"1","0"
552,"86329053",2020,9,5,9,11,"0",2020/08/07 21:34:28.976,2020/08/07 21:39:13.315,"1","0"
553,"86560751",2020,9,5,9,11,"0",2020/08/07 21:34:39.867,2020/08/07 21:39:20.271,"1","0"
554,"87242690",2020,9,5,9,11,"0",2020/08/07 21:34:51.382,2020/08/07 21:39:26.969,"1","0"
555,"87328268",2020,9,5,9,11,"0",2020/08/07 21:35:02.764,2020/08/07 21:39:33.374,"1","0"
556,"86585448",2020,9,5,9,11,"0",2020/08/07 21:35:13.927,2020/08/07 21:39:40.195,"1","0"
557,"86814995",2020,9,5,9,11,"0",2020/08/07 21:35:26.048,2020/08/07 21:39:46.757,"1","0"
558,"87088869",2020,9,5,9,11,"0",2020/08/07 21:35:37.718,2020/08/07 21:39:53.555,"1","0"
559,"86936700",2020,9,5,9,11,"0",2020/08/07 21:35:49.576,2020/08/07 21:40:01.063,"1","0"
560,"86949751",2020,9,12,15,17,"0",2020/08/07 21:36:01.491,2020/08/07 21:40:16.402,"1","0"
561,"87540706",2020,9,12,15,17,"0",2020/08/07 21:36:13.491,2020/08/07 21:40:23.738,"1","0"
562,"86936711",2020,9,12,15,17,"0",2020/08/07 21:36:25.952,2020/08/07 21:40:30.234,"1","0"
563,"86329044",2020,9,12,15,17,"0",2020/08/07 21:36:38.096,2020/08/07 21:40:36.814,"1","0"
564,"86757664",2020,9,12,15,17,"0",2020/08/07 21:36:50.034,2020/08/07 21:40:43.374,"1","0"
565,"86757673",2020,9,22,9,11,"0",2020/08/07 21:37:02.724,2020/08/07 21:40:58.894,"1","0"
566,"87483716",2020,9,22,9,11,"0",2020/08/07 21:37:14.489,2020/08/07 21:41:05.448,"1","0"
567,"87692956",2020,9,22,9,11,"0",2020/08/07 21:37:26.313,2020/08/07 21:41:11.919,"1","0"
568,"87780761",2020,9,22,9,11,"0",2020/08/07 21:37:38.008,2020/08/07 21:41:18.326,"1","0"
569,"87911153",2020,9,22,9,11,"0",2020/08/07 21:37:49.895,2020/08/07 21:41:24.957,"1","0"
570,"86329053",2020,9,5,9,11,"3",2020/08/07 21:42:12.107,2020/08/14 17:07:59.584,"0","1"
571,"86560751",2020,9,5,9,11,"3",2020/08/07 21:42:24.559,2020/08/14 17:08:13.782,"0","1"
572,"87242690",2020,9,5,9,11,"3",2020/08/07 21:42:36.366,2020/08/14 17:08:28.389,"0","1"
573,"87328268",2020,9,5,9,11,"3",2020/08/07 21:42:48.468,2020/08/14 17:08:41.611,"0","1"
574,"86585448",2020,9,5,9,11,"3",2020/08/07 21:43:01.274,2020/08/14 17:08:54.977,"0","1"
575,"86814995",2020,9,5,9,11,"3",2020/08/07 21:43:13.125,2020/08/14 17:09:08.325,"0","1"
576,"87088869",2020,9,5,9,11,"3",2020/08/07 21:43:34.532,2020/08/14 17:09:21.475,"0","1"
577,"86936700",2020,9,5,9,11,"3",2020/08/07 21:43:46.709,2020/08/14 17:09:34.527,"0","1"
578,"86949751",2020,9,12,15,17,"3",2020/08/07 21:43:58.625,2020/08/14 17:09:47.530,"0","1"
579,"87540706",2020,9,12,15,17,"3",2020/08/07 21:44:10.814,2020/08/14 17:10:00.478,"0","1"
580,"86936711",2020,9,12,15,17,"3",2020/08/07 21:44:23.380,2020/08/14 17:10:13.447,"0","1"
581,"86329044",2020,9,12,15,17,"3",2020/08/07 21:44:35.798,2020/08/14 17:10:26.604,"0","1"
582,"86757664",2020,9,12,15,17,"3",2020/08/07 21:44:47.738,2020/08/14 17:10:39.844,"0","1"
583,"86757673",2020,9,22,9,11,"3",2020/08/07 21:44:59.313,2020/08/14 17:10:53.056,"0","1"
584,"87483716",2020,9,22,9,11,"3",2020/08/07 21:45:10.691,2020/08/14 17:11:05.540,"0","1"
585,"87692956",2020,9,22,9,11,"3",2020/08/07 21:45:21.969,2020/08/14 17:11:17.464,"0","1"
586,"87780761",2020,9,22,9,11,"3",2020/08/07 21:45:33.056,2020/08/14 17:11:30.360,"0","1"
587,"87911153",2020,9,22,9,11,"3",2020/08/07 21:45:44.072,2020/08/14 17:11:43.599,"0","1"
500,"86576180",2020,9,21,13,15,"0",2020/08/05 18:48:12.041,2020/08/14 18:12:20.712,"0","1"
502,"85634420",2020,9,21,13,15,"0",2020/08/05 18:49:50.671,2020/08/14 18:12:47.607,"0","1"
503,"86817740",2020,9,21,13,15,"0",2020/08/05 18:50:02.413,2020/08/14 18:12:59.621,"0","1"
504,"86818777",2020,9,21,13,15,"0",2020/08/05 18:50:14.453,2020/08/14 18:13:13.271,"0","1"
507,"87244251",2020,9,21,15,17,"0",2020/08/05 18:50:54.539,2020/08/14 18:13:27.213,"0","1"
508,"87244438",2020,9,21,15,17,"0",2020/08/05 18:51:06.371,2020/08/14 18:13:40.348,"0","1"
509,"87244447",2020,9,21,15,17,"0",2020/08/05 18:51:17.550,2020/08/14 18:13:54.139,"0","1"
510,"86146771",2020,9,21,15,17,"0",2020/08/05 18:51:28.572,2020/08/14 18:14:07.789,"0","1"
511,"85632487",2020,9,21,15,17,"0",2020/08/05 18:51:39.942,2020/08/14 18:14:21.369,"0","1"
512,"86601338",2020,9,21,15,17,"0",2020/08/05 18:51:52.271,2020/08/14 18:14:34.474,"0","1"
513,"87107166",2020,9,27,13,15,"0",2020/08/05 18:52:03.447,2020/08/14 18:14:47.623,"0","1"
514,"86280178",2020,9,27,13,15,"0",2020/08/05 18:52:14.526,2020/08/14 18:15:00.827,"0","1"
515,"86281391",2020,9,27,13,15,"0",2020/08/05 18:52:30.751,2020/08/14 18:15:16.607,"0","1"
516,"87531153",2020,9,27,13,15,"0",2020/08/05 18:52:43.477,2020/08/14 18:15:31.930,"0","1"
517,"83366232",2020,9,27,13,15,"0",2020/08/05 18:54:10.743,2020/08/14 18:15:45.116,"0","1"
518,"85661983",2020,9,27,13,15,"0",2020/08/05 18:54:22.058,2020/08/14 18:15:58.277,"0","1"
519,"85661974",2020,9,27,13,15,"0",2020/08/05 18:54:33.550,2020/08/14 18:16:10.413,"0","1"
520,"86110458",2020,9,27,13,15,"0",2020/08/05 18:54:42.603,2020/08/14 18:16:23.588,"0","1"
521,"86110420",2020,9,27,13,15,"0",2020/08/05 18:54:51.753,2020/08/14 18:16:38.517,"0","1"
522,"83602047",2020,9,27,13,15,"0",2020/08/05 18:55:02.810,2020/08/14 18:16:52.960,"0","1"
523,"85362831",2020,9,27,13,15,"0",2020/08/05 18:55:13.970,2020/08/14 18:17:06.262,"0","1"
524,"85362804",2020,9,27,15,17,"0",2020/08/05 18:55:25.464,2020/08/14 18:17:19.715,"0","1"
525,"86693349",2020,9,27,15,17,"0",2020/08/05 18:55:36.887,2020/08/14 18:17:33.361,"0","1"
527,"86678831",2020,9,27,15,17,"0",2020/08/05 18:56:00.818,2020/08/14 18:17:51.843,"0","1"
528,"83366214",2020,9,27,15,17,"0",2020/08/05 18:56:11.692,2020/08/14 18:18:05.185,"0","1"
529,"84317462",2020,9,27,15,17,"0",2020/08/05 18:56:23.208,2020/08/14 18:18:18.635,"0","1"
530,"85362840",2020,9,27,15,17,"0",2020/08/05 18:56:34.007,2020/08/14 18:18:23.795,"0","1"
531,"87207701",2020,9,27,15,17,"0",2020/08/05 18:56:45.328,2020/08/14 18:18:37.443,"0","1"
532,"86555096",2020,9,27,15,17,"0",2020/08/05 18:56:57.604,2020/08/14 18:18:50.615,"0","1"
533,"87207684",2020,9,27,15,17,"0",2020/08/05 18:57:09.623,2020/08/14 18:19:03.835,"0","1"
534,"86138949",2020,9,27,15,17,"0",2020/08/05 18:57:24.717,2020/08/14 18:19:15.830,"0","1"
535,"85033445",2020,9,21,13,15,"0",2020/08/07 21:15:53.163,2020/08/14 18:19:29.164,"0","1"
536,"84948513",2020,9,21,13,15,"0",2020/08/07 21:16:03.093,2020/08/14 18:19:41.659,"0","1"
537,"86947691",2020,9,21,15,17,"0",2020/08/07 21:16:21.406,2020/08/14 18:19:55.085,"0","1"
538,"87259413",2020,9,27,13,15,"0",2020/08/07 21:16:40.208,2020/08/14 18:20:08.231,"0","1"
541,"87208306",2020,9,27,13,15,"0",2020/08/07 21:17:08.002,2020/08/14 18:20:22.110,"0","1"
542,"87208315",2020,9,27,13,15,"0",2020/08/07 21:17:17.294,2020/08/14 18:20:35.717,"0","1"
543,"87209441",2020,9,27,15,17,"0",2020/08/07 21:17:34.619,2020/08/14 18:21:08.635,"0","1"
544,"86138931",2020,9,27,15,17,"0",2020/08/07 21:17:47.687,2020/08/14 18:21:29.309,"0","1"
545,"87289231",2020,9,27,15,17,"0",2020/08/07 21:17:59.450,2020/08/14 18:21:41.868,"0","1"
546,"87900844",2020,9,27,15,17,"0",2020/08/07 21:18:11.226,2020/08/14 18:21:55.205,"0","1"
548,"87542615",2020,9,27,13,15,"0",2020/08/07 21:27:19.553,2020/08/14 18:22:08.730,"0","1"
549,"86314238",2020,9,27,13,15,"0",2020/08/07 21:27:28.719,2020/08/14 18:22:22.183,"0","1"
550,"87058372",2020,9,27,15,17,"0",2020/08/07 21:27:46.141,2020/08/14 18:22:35.573,"0","1"
551,"87086314",2020,9,27,15,17,"0",2020/08/07 21:27:55.802,2020/08/14 18:22:48.950,"0","1"
501,"86573853",2020,9,21,13,15,"0",2020/08/05 18:49:38.280,2020/08/14 18:12:34.949,"0","1"
526,"85796801",2020,9,27,15,17,"0",2020/08/05 18:55:47.652,2020/08/14 18:17:38.451,"0","1"
640,"87208306",2020,10,3,15,17,"3",2020/09/06 12:15:04.403,2020/09/06 16:18:23.559,"1","0"
641,"87208315",2020,10,3,15,17,"3",2020/09/06 12:15:15.431,2020/09/06 16:18:30.134,"1","0"
642,"87209441",2020,10,3,15,17,"3",2020/09/06 12:15:26.856,2020/09/06 16:18:38.570,"1","0"
643,"86138931",2020,10,3,15,17,"3",2020/09/06 12:15:37.480,2020/09/06 16:18:45.234,"1","0"
644,"87289231",2020,10,3,15,17,"3",2020/09/06 12:15:48.393,2020/09/06 16:18:52.031,"1","0"
645,"87900844",2020,10,3,15,17,"3",2020/09/06 12:15:59.309,2020/09/06 16:18:59.033,"1","0"
647,"86560751",2020,10,11,15,17,"3",2020/09/06 12:17:46.256,2020/09/06 16:24:04.927,"1","0"
648,"87242690",2020,10,11,15,17,"3",2020/09/06 12:17:57.914,2020/09/06 16:24:11.903,"1","0"
655,"87540706",2020,10,17,15,17,"3",2020/09/06 12:19:25.816,2020/09/06 16:24:30.215,"1","0"
656,"86936711",2020,10,17,15,17,"3",2020/09/06 12:19:37.282,2020/09/06 16:24:36.664,"1","0"
589,"84948513",2020,10,18,9,11,"3",2020/09/05 12:27:31.466,2020/09/14 7:18:54.985,"0","1"
590,"86947691",2020,10,18,9,11,"3",2020/09/05 12:27:42.234,2020/09/14 7:19:08.114,"0","1"
591,"87259413",2020,10,18,9,11,"3",2020/09/05 12:27:52.576,2020/09/14 7:19:21.460,"0","1"
592,"87259422",2020,10,18,9,11,"3",2020/09/05 12:28:03.321,2020/09/14 7:19:34.616,"0","1"
593,"84134418",2020,10,18,9,11,"3",2020/09/05 12:28:14.639,2020/09/14 7:19:47.865,"0","1"
594,"86315881",2020,10,18,9,11,"3",2020/09/05 12:28:26.679,2020/09/14 7:20:01.020,"0","1"
595,"83920187",2020,10,18,9,11,"3",2020/09/05 12:28:38.297,2020/09/14 7:20:14.104,"0","1"
596,"84808001",2020,10,18,9,11,"3",2020/09/05 12:28:47.844,2020/09/14 7:20:27.240,"0","1"
598,"86583243",2020,10,18,9,11,"3",2020/09/05 12:29:11.105,2020/09/14 7:20:53.406,"0","1"
599,"86583931",2020,10,18,9,11,"3",2020/09/05 12:29:23.020,2020/09/14 7:21:06.820,"0","1"
600,"87328259",2020,10,18,11,13,"3",2020/09/05 12:29:34.986,2020/09/14 7:21:19.937,"0","1"
601,"87328230",2020,10,18,11,13,"3",2020/09/05 12:29:46.869,2020/09/14 7:21:33.036,"0","1"
602,"87542606",2020,10,18,11,13,"3",2020/09/05 12:29:58.131,2020/09/14 7:21:46.193,"0","1"
603,"87542615",2020,10,18,11,13,"3",2020/09/05 12:30:09.823,2020/09/14 7:21:58.359,"0","1"
604,"86314238",2020,10,18,11,13,"3",2020/09/05 12:30:21.195,2020/09/14 7:22:03.187,"0","1"
605,"86576180",2020,10,18,11,13,"3",2020/09/05 12:30:33.190,2020/09/14 7:22:16.104,"0","1"
606,"86573853",2020,10,18,11,13,"3",2020/09/05 12:30:44.909,2020/09/14 7:22:29.192,"0","1"
607,"85634420",2020,10,18,11,13,"3",2020/09/05 12:30:56.725,2020/09/14 7:22:52.138,"0","1"
608,"86817740",2020,10,31,9,11,"0",2020/09/05 12:31:08.743,2020/09/14 7:23:05.921,"0","1"
609,"86818777",2020,10,31,9,11,"0",2020/09/05 12:31:20.458,2020/09/14 7:23:19.265,"0","1"
610,"87058372",2020,10,31,9,11,"0",2020/09/05 12:31:32.202,2020/09/14 7:23:31.506,"0","1"
611,"87086314",2020,10,31,9,11,"0",2020/09/05 12:31:43.090,2020/09/14 7:23:47.897,"0","1"
612,"87244251",2020,10,31,9,11,"0",2020/09/05 12:31:54.469,2020/09/14 7:24:00.268,"0","1"
613,"87244438",2020,10,31,9,11,"0",2020/09/05 12:32:05.703,2020/09/14 7:24:13.547,"0","1"
614,"87244447",2020,10,31,9,11,"0",2020/09/05 12:32:16.767,2020/09/14 7:24:30.805,"0","1"
615,"86146771",2020,10,31,9,11,"0",2020/09/05 12:32:27.756,2020/09/14 7:24:49.088,"0","1"
616,"85632487",2020,10,31,9,11,"0",2020/09/05 12:32:39.208,2020/09/14 7:25:03.821,"0","1"
617,"86601338",2020,10,31,9,11,"0",2020/09/05 12:32:50.181,2020/09/14 7:25:16.015,"0","1"
618,"87107166",2020,10,4,13,15,"0",2020/09/06 12:03:55.736,2020/09/14 7:25:29.071,"0","1"
619,"86280178",2020,10,4,13,15,"0",2020/09/06 12:04:08.112,2020/09/14 7:25:42.208,"0","1"
621,"87531153",2020,10,4,13,15,"0",2020/09/06 12:04:32.758,2020/09/14 7:26:06.903,"0","1"
622,"83366232",2020,10,4,13,15,"0",2020/09/06 12:04:46.107,2020/09/14 7:26:20.112,"0","1"
623,"85661983",2020,10,4,13,15,"0",2020/09/06 12:04:59.182,2020/09/14 7:26:33.315,"0","1"
624,"85661974",2020,10,4,13,15,"0",2020/09/06 12:05:11.329,2020/09/14 7:26:46.774,"0","1"
625,"86110458",2020,10,4,13,15,"0",2020/09/06 12:05:21.390,2020/09/14 7:26:52.882,"0","1"
626,"86110420",2020,10,4,13,15,"0",2020/09/06 12:05:31.069,2020/09/14 7:27:06.250,"0","1"
627,"83602047",2020,10,4,13,15,"0",2020/09/06 12:05:41.206,2020/09/14 7:27:19.462,"0","1"
628,"85362831",2020,10,4,15,17,"0",2020/09/06 12:05:53.320,2020/09/14 7:27:32.844,"0","1"
629,"85362804",2020,10,4,15,17,"0",2020/09/06 12:06:06.155,2020/09/14 7:27:46.047,"0","1"
630,"86693349",2020,10,4,15,17,"0",2020/09/06 12:06:17.839,2020/09/14 7:27:59.285,"0","1"
631,"85796801",2020,10,4,15,17,"0",2020/09/06 12:06:29.238,2020/09/14 7:28:12.299,"0","1"
632,"86678831",2020,10,4,15,17,"0",2020/09/06 12:06:40.257,2020/09/14 7:28:25.417,"0","1"
633,"83366214",2020,10,4,15,17,"0",2020/09/06 12:06:52.144,2020/09/14 7:28:38.566,"0","1"
634,"84317462",2020,10,4,15,17,"0",2020/09/06 12:07:05.270,2020/09/14 7:28:51.650,"0","1"
635,"85362840",2020,10,4,15,17,"0",2020/09/06 12:07:45.445,2020/09/14 7:29:09.550,"0","1"
636,"87207701",2020,10,4,15,17,"0",2020/09/06 12:07:58.896,2020/09/14 7:29:23.777,"0","1"
637,"86555096",2020,10,4,15,17,"0",2020/09/06 12:08:10.801,2020/09/14 7:29:36.968,"0","1"
638,"87207684",2020,10,18,9,11,"3",2020/09/06 12:08:22.996,2020/09/14 7:29:50.099,"0","1"
639,"86138949",2020,10,18,9,11,"3",2020/09/06 12:08:35.586,2020/09/14 7:30:03.328,"0","1"
669,"87208306",2020,10,4,13,15,"0",2020/09/09 18:04:14.612,2020/09/14 7:30:16.441,"0","1"
670,"87208315",2020,10,4,15,17,"0",2020/09/09 18:04:35.260,2020/09/14 7:30:29.534,"0","1"
671,"87209441",2020,10,4,15,17,"0",2020/09/09 18:04:44.602,2020/09/14 7:30:44.442,"0","1"
673,"87289231",2020,10,18,9,11,"3",2020/09/09 18:05:13.240,2020/09/14 7:31:11.980,"0","1"
646,"86329053",2020,10,3,15,17,"3",2020/09/06 12:17:33.929,2020/09/14 7:32:12.648,"0","1"
649,"87328268",2020,10,11,15,17,"3",2020/09/06 12:18:10.019,2020/09/14 7:32:25.314,"0","1"
650,"86585448",2020,10,11,15,17,"3",2020/09/06 12:18:24.960,2020/09/14 7:32:38.957,"0","1"
651,"86814995",2020,10,11,15,17,"3",2020/09/06 12:18:39.313,2020/09/14 7:32:51.058,"0","1"
652,"87088869",2020,10,11,15,17,"3",2020/09/06 12:18:51.064,2020/09/14 7:33:04.164,"0","1"
653,"86936700",2020,10,11,15,17,"3",2020/09/06 12:19:02.431,2020/09/14 7:33:17.162,"0","1"
654,"86949751",2020,10,11,15,17,"3",2020/09/06 12:19:14.414,2020/09/14 7:33:30.206,"0","1"
657,"86329044",2020,10,17,15,17,"3",2020/09/06 12:19:48.910,2020/09/14 7:33:43.357,"0","1"
658,"86757664",2020,10,17,15,17,"3",2020/09/06 12:20:00.335,2020/09/14 7:33:55.119,"0","1"
659,"86757673",2020,10,17,15,17,"3",2020/09/06 12:20:11.760,2020/09/14 7:34:08.248,"0","1"
660,"87483716",2020,10,17,15,17,"3",2020/09/06 12:20:23.379,2020/09/14 7:34:21.311,"0","1"
661,"87692956",2020,10,17,15,17,"3",2020/09/06 12:20:34.535,2020/09/14 7:34:34.470,"0","1"
662,"87780761",2020,10,17,15,17,"3",2020/09/06 12:20:45.495,2020/09/14 7:34:47.860,"0","1"
663,"87911153",2020,10,3,15,17,"3",2020/09/06 16:20:02.625,2020/09/14 7:35:00.943,"0","1"
664,"87788826",2020,10,3,15,17,"3",2020/09/06 16:23:11.469,2020/09/14 7:35:14.143,"0","1"
665,"86560751",2020,10,3,15,17,"3",2020/09/06 16:25:04.928,2020/09/14 7:35:19.206,"0","1"
666,"87242690",2020,10,3,15,17,"3",2020/09/06 16:25:14.925,2020/09/14 7:35:31.119,"0","1"
667,"87540706",2020,10,3,15,17,"3",2020/09/06 16:25:23.900,2020/09/14 7:35:44.405,"0","1"
668,"86936711",2020,10,3,15,17,"3",2020/09/06 16:25:32.587,2020/09/14 7:35:57.408,"0","1"
588,"85033445",2020,10,18,9,11,"3",2020/09/05 12:27:20.001,2020/09/14 7:18:41.467,"0","1"
597,"86243996",2020,10,18,9,11,"3",2020/09/05 12:28:59.446,2020/09/14 7:20:40.339,"0","1"
620,"86281391",2020,10,4,13,15,"0",2020/09/06 12:04:20.489,2020/09/14 7:25:55.240,"0","1"
672,"86138931",2020,10,18,9,11,"3",2020/09/09 18:05:03.313,2020/09/14 7:30:59.697,"0","1"
674,"87900844",2020,10,18,11,13,"3",2020/09/09 18:08:27.557,2020/09/14 7:31:25.315,"0","1"
675,"86329053",2020,11,8,13,16,"2",2020/10/04 22:02:28.603,2020/10/04 22:07:24.807,"1","0"
676,"86560751",2020,11,8,13,16,"2",2020/10/04 22:02:44.882,2020/10/04 22:07:31.934,"1","0"
677,"87242690",2020,11,8,13,16,"2",2020/10/04 22:02:56.024,2020/10/04 22:07:38.566,"1","0"
678,"87328268",2020,11,8,13,16,"2",2020/10/04 22:03:06.540,2020/10/04 22:07:47.167,"1","0"
679,"86585448",2020,11,8,13,16,"2",2020/10/04 22:03:19.002,2020/10/04 22:07:54.763,"1","0"
680,"86936700",2020,11,8,13,16,"2",2020/10/04 22:03:30.164,2020/10/04 22:08:31.327,"1","0"
681,"86936711",2020,11,8,13,16,"2",2020/10/04 22:03:49.098,2020/10/04 22:09:13.066,"1","0"
682,"86757664",2020,11,29,9,11,"0",2020/10/04 22:04:05.751,2020/10/04 22:09:26.907,"1","0"
683,"86757673",2020,11,29,9,11,"0",2020/10/04 22:04:17.705,2020/10/04 22:09:50.315,"1","0"
684,"87483716",2020,11,29,9,11,"0",2020/10/04 22:04:30.162,2020/10/04 22:10:29.606,"1","0"
685,"87692956",2020,11,29,9,11,"0",2020/10/04 22:04:41.911,2020/10/04 22:10:52.023,"1","0"
686,"87780761",2020,11,29,9,11,"0",2020/10/04 22:04:54.327,2020/10/04 22:10:59.486,"1","0"
687,"87911153",2020,11,29,9,11,"0",2020/10/04 22:05:05.581,2020/10/04 22:11:06.081,"1","0"
688,"87788826",2020,11,29,9,11,"0",2020/10/04 22:05:17.208,2020/10/04 22:11:12.711,"1","0"
723,"86949751",2020,11,15,13,16,"3",2020/10/07 12:07:59.691,2020/10/07 12:13:57.696,"1","0"
724,"86281391",2020,11,15,13,16,"3",2020/10/07 12:08:13.429,2020/10/07 12:14:04.439,"1","0"
725,"87540706",2020,11,15,13,16,"3",2020/10/07 12:08:27.479,2020/10/07 12:14:11.101,"1","0"
726,"87531153",2020,11,15,13,16,"3",2020/10/07 12:08:40.934,2020/10/07 12:14:18.013,"1","0"
727,"86329044",2020,11,28,13,16,"1",2020/10/07 12:08:54.666,2020/10/07 12:14:33.805,"1","0"
728,"87900844",2020,11,28,13,16,"1",2020/10/07 12:09:12.622,2020/10/07 12:14:40.175,"1","0"
729,"86329053",2020,11,7,13,16,"3",2020/10/07 12:15:27.951,2020/10/14 9:11:50.119,"0","1"
730,"86560751",2020,11,7,13,16,"3",2020/10/07 12:15:43.894,2020/10/14 9:12:02.848,"0","1"
731,"87242690",2020,11,7,13,16,"3",2020/10/07 12:16:02.081,2020/10/14 9:12:15.696,"0","1"
732,"87328268",2020,11,7,13,16,"3",2020/10/07 12:16:15.432,2020/10/14 9:12:28.703,"0","1"
733,"86585448",2020,11,7,13,16,"3",2020/10/07 12:16:31.781,2020/10/14 9:12:42.108,"0","1"
734,"86936700",2020,11,15,13,16,"3",2020/10/07 12:16:44.901,2020/10/14 9:12:55.190,"0","1"
735,"86936711",2020,11,15,13,16,"3",2020/10/07 12:17:00.561,2020/10/14 9:13:08.232,"0","1"
736,"86757664",2020,11,15,13,16,"3",2020/10/07 12:17:17.104,2020/10/14 9:13:21.004,"0","1"
737,"86757673",2020,11,15,13,16,"3",2020/10/07 12:17:33.910,2020/10/14 9:13:33.911,"0","1"
738,"87483716",2020,11,28,13,16,"1",2020/10/07 12:17:47.344,2020/10/14 9:13:46.952,"0","1"
739,"87692956",2020,11,28,13,16,"1",2020/10/07 12:18:01.778,2020/10/14 9:13:59.810,"0","1"
740,"87780761",2020,11,28,13,16,"1",2020/10/07 12:18:13.127,2020/10/14 9:14:12.892,"0","1"
741,"87911153",2020,11,28,13,16,"1",2020/10/07 12:18:24.552,2020/10/14 9:14:25.819,"0","1"
742,"87788826",2020,11,28,13,16,"1",2020/10/07 12:18:35.761,2020/10/14 9:14:38.936,"0","1"
689,"85033445",2020,11,8,13,16,"2",2020/10/04 22:12:51.531,2020/10/14 9:16:01.655,"0","1"
690,"84948513",2020,11,8,13,16,"2",2020/10/04 22:13:03.163,2020/10/14 9:16:15.099,"0","1"
691,"86947691",2020,11,8,13,16,"2",2020/10/04 22:13:14.651,2020/10/14 9:16:28.279,"0","1"
692,"87259413",2020,11,8,13,16,"2",2020/10/04 22:13:55.821,2020/10/14 9:16:41.385,"0","1"
693,"87259422",2020,11,8,13,16,"2",2020/10/04 22:14:09.221,2020/10/14 9:16:54.216,"0","1"
694,"84134418",2020,11,8,13,16,"2",2020/10/04 22:14:21.114,2020/10/14 9:17:07.560,"0","1"
695,"86315881",2020,11,8,13,16,"2",2020/10/04 22:14:32.736,2020/10/14 9:17:20.555,"0","1"
696,"83920187",2020,11,29,9,11,"0",2020/10/04 22:14:43.743,2020/10/14 9:17:33.575,"0","1"
697,"84808001",2020,11,29,9,11,"0",2020/10/04 22:14:52.397,2020/10/14 9:17:46.606,"0","1"
698,"86243996",2020,11,29,9,11,"0",2020/10/04 22:15:03.662,2020/10/14 9:17:59.701,"0","1"
699,"86583243",2020,11,29,9,11,"0",2020/10/04 22:15:14.983,2020/10/14 9:18:12.576,"0","1"
700,"86583931",2020,11,29,9,11,"0",2020/10/04 22:15:26.903,2020/10/14 9:18:24.765,"0","1"
701,"87328259",2020,11,29,9,11,"0",2020/10/04 22:15:38.403,2020/10/14 9:18:36.625,"0","1"
702,"87328230",2020,11,29,9,11,"0",2020/10/04 22:15:49.437,2020/10/14 9:18:48.320,"0","1"
703,"87542606",2020,11,29,9,11,"0",2020/10/04 22:15:59.691,2020/10/14 9:19:01.255,"0","1"
704,"87542615",2020,11,29,9,11,"0",2020/10/04 22:16:32.334,2020/10/14 9:19:14.346,"0","1"
705,"86314238",2020,11,29,9,11,"0",2020/10/04 22:17:09.814,2020/10/14 9:19:27.472,"0","1"
706,"86576180",2020,11,29,9,11,"0",2020/10/04 22:17:58.488,2020/10/14 9:19:40.313,"0","1"
707,"86573853",2020,11,29,9,11,"0",2020/10/04 22:18:11.094,2020/10/14 9:19:53.123,"0","1"
708,"86814995",2020,11,22,13,16,"1",2020/10/07 12:02:43.470,2020/10/14 9:20:06.164,"0","1"
709,"85634420",2020,11,22,13,16,"1",2020/10/07 12:02:57.659,2020/10/14 9:20:19.303,"0","1"
710,"86817740",2020,11,22,13,16,"1",2020/10/07 12:03:13.755,2020/10/14 9:20:32.437,"0","1"
711,"86818777",2020,11,22,13,16,"1",2020/10/07 12:03:41.468,2020/10/14 9:20:46.307,"0","1"
712,"87058372",2020,11,22,13,16,"1",2020/10/07 12:04:07.581,2020/10/14 9:20:59.184,"0","1"
713,"87086314",2020,11,22,13,16,"1",2020/10/07 12:04:39.004,2020/10/14 9:21:12.003,"0","1"
714,"87244251",2020,11,22,13,16,"1",2020/10/07 12:04:57.528,2020/10/14 9:21:24.797,"0","1"
715,"87244438",2020,11,22,13,16,"1",2020/10/07 12:06:03.936,2020/10/14 9:21:37.721,"0","1"
716,"87244447",2020,11,22,13,16,"1",2020/10/07 12:06:19.705,2020/10/14 9:21:50.668,"0","1"
717,"86146771",2020,11,22,13,16,"1",2020/10/07 12:06:33.580,2020/10/14 9:22:03.436,"0","1"
718,"85632487",2020,11,22,13,16,"1",2020/10/07 12:06:46.348,2020/10/14 9:22:16.592,"0","1"
719,"86601338",2020,11,22,13,16,"1",2020/10/07 12:07:00.458,2020/10/14 9:22:29.618,"0","1"
720,"87107166",2020,11,22,13,16,"1",2020/10/07 12:07:15.214,2020/10/14 9:22:42.600,"0","1"
721,"87088869",2020,11,22,13,16,"1",2020/10/07 12:07:30.560,2020/10/14 9:22:55.537,"0","1"
722,"86280178",2020,11,22,13,16,"1",2020/10/07 12:07:45.014,2020/10/14 9:23:08.523,"0","1"
743,"85033445",2020,12,5,9,11,"0",2020/11/04 22:24:19.311,2020/11/14 21:42:59.495,"0","1"
744,"84948513",2020,12,5,9,11,"0",2020/11/04 22:24:30.333,2020/11/14 21:43:13.227,"0","1"
745,"86947691",2020,12,5,9,11,"0",2020/11/04 22:24:41.016,2020/11/14 21:43:25.506,"0","1"
746,"87259413",2020,12,5,9,11,"0",2020/11/04 22:24:51.518,2020/11/14 21:43:38.838,"0","1"
747,"87259422",2020,12,5,9,11,"0",2020/11/04 22:25:02.340,2020/11/14 21:43:52.042,"0","1"
748,"84134418",2020,12,5,9,11,"0",2020/11/04 22:25:14.591,2020/11/14 21:44:05.714,"0","1"
749,"86315881",2020,12,5,9,11,"0",2020/11/04 22:25:27.005,2020/11/14 21:44:19.016,"0","1"
750,"83920187",2020,12,5,9,11,"0",2020/11/04 22:25:38.309,2020/11/14 21:44:32.296,"0","1"
751,"84808001",2020,12,5,9,11,"0",2020/11/04 22:25:51.843,2020/11/14 21:44:45.954,"0","1"
752,"86243996",2020,12,5,9,11,"0",2020/11/04 22:26:01.109,2020/11/14 21:44:59.591,"0","1"
753,"86583243",2020,12,5,9,11,"0",2020/11/04 22:26:13.708,2020/11/14 21:45:11.673,"0","1"
754,"86583931",2020,12,5,9,11,"0",2020/11/04 22:26:24.975,2020/11/14 21:45:25.303,"0","1"
755,"87328259",2020,12,20,13,16,"1",2020/11/04 22:26:35.624,2020/11/14 21:45:38.612,"0","1"
756,"87328230",2020,12,20,13,16,"1",2020/11/04 22:26:46.958,2020/11/14 21:45:52.021,"0","1"
757,"87542606",2020,12,20,13,16,"1",2020/11/04 22:26:58.635,2020/11/14 21:46:05.392,"0","1"
758,"87542615",2020,12,20,13,16,"1",2020/11/04 22:27:09.750,2020/11/14 21:46:18.664,"0","1"
759,"86314238",2020,12,20,13,16,"1",2020/11/04 22:27:21.227,2020/11/14 21:46:32.173,"0","1"
760,"86576180",2020,12,20,13,16,"1",2020/11/04 22:27:32.477,2020/11/14 21:46:45.588,"0","1"
761,"86573853",2020,12,20,13,16,"1",2020/11/04 22:27:43.782,2020/11/14 21:46:59.194,"0","1"
762,"86814995",2020,12,20,13,16,"1",2020/11/04 22:27:55.380,2020/11/14 21:47:11.717,"0","1"
763,"85634420",2020,12,20,13,16,"1",2020/11/04 22:28:06.688,2020/11/14 21:47:25.056,"0","1"
764,"86817740",2020,12,20,13,16,"1",2020/11/04 22:28:17.095,2020/11/14 21:47:38.385,"0","1"
765,"86818777",2020,12,20,13,16,"1",2020/11/04 22:28:27.629,2020/11/14 21:47:51.942,"0","1"
766,"87058372",2020,12,20,13,16,"1",2020/11/04 22:28:43.192,2020/11/14 21:48:06.797,"0","1"
767,"87086314",2020,12,20,13,16,"1",2020/11/04 22:28:54.728,2020/11/14 21:48:23.422,"0","1"
768,"87244251",2020,12,20,13,16,"1",2020/11/04 22:29:05.481,2020/11/14 21:48:37.507,"0","1"
769,"87244438",2020,12,20,13,16,"1",2020/11/04 22:29:17.948,2020/11/14 21:48:51.021,"0","1"
770,"87244447",2020,12,20,13,16,"1",2020/11/04 22:29:29.345,2020/11/14 21:49:04.349,"0","1"
771,"86146771",2020,12,20,13,16,"1",2020/11/04 22:29:40.781,2020/11/14 21:49:16.415,"0","1"
772,"85632487",2020,12,20,13,16,"1",2020/11/04 22:29:51.974,2020/11/14 21:49:29.581,"0","1"
773,"86601338",2020,12,28,13,16,"1",2020/11/04 22:30:03.095,2020/11/14 21:49:42.793,"0","1"
774,"87107166",2020,12,28,13,16,"1",2020/11/04 22:30:13.989,2020/11/14 21:49:54.801,"0","1"
775,"87088869",2020,12,28,13,16,"1",2020/11/04 22:30:24.516,2020/11/14 21:50:07.981,"0","1"
776,"86280178",2020,12,28,13,16,"1",2020/11/04 22:30:35.167,2020/11/14 21:50:23.516,"0","1"
777,"86949751",2020,12,28,13,16,"1",2020/11/04 22:30:45.838,2020/11/14 21:50:34.406,"0","1"
778,"86281391",2020,12,30,13,16,"1",2020/11/04 22:30:56.321,2020/11/14 21:50:48.378,"0","1"
779,"87540706",2020,12,30,13,16,"1",2020/11/04 22:31:06.836,2020/11/14 21:51:02.121,"0","1"
780,"87531153",2020,12,30,13,16,"1",2020/11/04 22:31:17.578,2020/11/14 21:51:15.993,"0","1"
781,"86329044",2020,12,30,13,16,"1",2020/11/04 22:31:28.625,2020/11/14 21:51:29.769,"0","1"
782,"87900844",2020,12,30,13,16,"1",2020/11/04 22:31:39,2020/11/14 21:51:43.843,"0","1"
783,"86329053",2020,12,6,11,13,"2",2020/11/05 18:36:22.031,2020/11/14 21:58:39.867,"0","1"
784,"86560751",2020,12,6,11,13,"2",2020/11/05 18:36:32.734,2020/11/14 21:58:53.154,"0","1"
785,"87242690",2020,12,6,11,13,"2",2020/11/05 18:36:43.576,2020/11/14 21:59:06.456,"0","1"
786,"87328268",2020,12,6,11,13,"2",2020/11/05 18:36:53.993,2020/11/14 21:59:20.054,"0","1"
787,"86585448",2020,12,6,11,13,"2",2020/11/05 18:37:04.553,2020/11/14 21:59:33.279,"0","1"
788,"86936700",2020,12,12,13,16,"1",2020/11/05 18:37:15.187,2020/11/14 21:59:46.385,"0","1"
789,"86936711",2020,12,12,13,16,"1",2020/11/05 18:37:25.314,2020/11/14 21:59:59.581,"0","1"
790,"86757664",2020,12,12,13,16,"1",2020/11/05 18:37:45.094,2020/11/14 22:00:12.756,"0","1"
791,"86757673",2020,12,12,13,16,"1",2020/11/05 18:37:55.415,2020/11/14 22:00:26.850,"0","1"
792,"87483716",2020,12,19,13,16,"1",2020/11/05 18:38:05.654,2020/11/14 22:00:40.015,"0","1"
793,"87692956",2020,12,19,13,16,"1",2020/11/05 18:38:17.269,2020/11/14 22:00:53.715,"0","1"
794,"87780761",2020,12,19,13,16,"1",2020/11/05 18:38:28.595,2020/11/14 22:01:07.619,"0","1"
795,"87911153",2020,12,19,13,16,"1",2020/11/05 18:38:39.977,2020/11/14 22:01:21.740,"0","1"
796,"87788826",2020,12,19,13,16,"1",2020/11/05 18:38:51.227,2020/11/14 22:01:35.582,"0","1"
797,"85033445",2021,1,24,13,16,"2",2020/12/04 13:23:54.608,2020/12/14 14:59:34.216,"0","1"
798,"84948513",2021,1,24,13,16,"2",2020/12/04 13:24:15.595,2020/12/14 14:59:47.113,"0","1"
799,"86947691",2021,1,24,13,16,"2",2020/12/04 13:24:39.489,2020/12/14 14:59:59.215,"0","1"
800,"87259413",2021,1,24,13,16,"2",2020/12/04 13:24:51.635,2020/12/14 15:00:12.587,"0","1"
801,"87259422",2021,1,24,13,16,"2",2020/12/04 13:25:02.987,2020/12/14 15:00:26.137,"0","1"
802,"84134418",2021,1,24,13,16,"2",2020/12/04 13:25:23.873,2020/12/14 15:00:38.720,"0","1"
803,"86315881",2021,1,24,13,16,"2",2020/12/04 13:25:44.234,2020/12/14 15:00:52.025,"0","1"
804,"83920187",2021,1,24,13,16,"2",2020/12/04 13:25:58.344,2020/12/14 15:01:05.172,"0","1"
805,"86243996",2021,1,24,13,16,"2",2020/12/04 13:26:11.847,2020/12/14 15:01:18.587,"0","1"
806,"86583243",2021,1,24,13,16,"2",2020/12/04 13:26:26.444,2020/12/14 15:01:31.872,"0","1"
807,"86583931",2021,1,24,13,16,"2",2020/12/04 13:26:41.040,2020/12/14 15:01:36.934,"0","1"
808,"87328259",2021,1,24,13,16,"2",2020/12/04 13:26:55.984,2020/12/14 15:01:50.216,"0","1"
809,"87328230",2021,1,24,13,16,"2",2020/12/04 13:27:09.721,2020/12/14 15:02:03.526,"0","1"
810,"87542606",2021,1,24,13,16,"2",2020/12/04 13:27:22.951,2020/12/14 15:02:16.552,"0","1"
811,"87542615",2021,1,24,13,16,"2",2020/12/04 13:27:36.356,2020/12/14 15:02:29.771,"0","1"
812,"86576180",2021,1,24,13,16,"2",2020/12/04 13:27:49.960,2020/12/14 15:02:43.230,"0","1"
813,"86573853",2021,1,24,13,16,"2",2020/12/04 13:28:05.765,2020/12/14 15:02:56.467,"0","1"
814,"85634420",2021,1,24,13,16,"2",2020/12/04 13:28:21.777,2020/12/14 15:03:09.594,"0","1"
815,"86817740",2021,1,30,9,11,"0",2020/12/04 13:28:36.395,2020/12/14 15:03:22.906,"0","1"
816,"87058372",2021,1,30,9,11,"0",2020/12/04 13:28:50.669,2020/12/14 15:03:35.085,"0","1"
817,"87244251",2021,1,30,9,11,"0",2020/12/04 13:29:04.749,2020/12/14 15:03:48.500,"0","1"
818,"87244438",2021,1,30,9,11,"0",2020/12/04 13:29:20.085,2020/12/14 15:04:01.650,"0","1"
819,"87244447",2021,1,30,9,11,"0",2020/12/04 13:29:33.362,2020/12/14 15:04:14.868,"0","1"
820,"86146771",2021,1,30,9,11,"0",2020/12/04 13:29:47.280,2020/12/14 15:04:28.192,"0","1"
821,"85632487",2021,1,30,9,11,"0",2020/12/04 13:30:01.381,2020/12/14 15:04:41.488,"0","1"
822,"86601338",2021,1,30,9,11,"0",2020/12/04 13:30:15.886,2020/12/14 15:04:54.700,"0","1"
823,"87107166",2021,1,30,9,11,"0",2020/12/04 13:30:30.330,2020/12/14 15:05:07.910,"0","1"
824,"86280178",2021,1,30,9,11,"0",2020/12/04 13:30:43.799,2020/12/14 15:05:21.212,"0","1"
825,"86281391",2021,1,30,9,11,"0",2020/12/04 13:30:57.486,2020/12/14 15:05:34.459,"0","1"
828,"84808001",2021,1,9,9,11,"3",2020/12/04 14:46:21.878,2020/12/14 14:50:03.597,"0","1"
829,"86329053",2021,1,9,9,11,"3",2020/12/04 14:46:34.362,2020/12/14 14:50:16.938,"0","1"
830,"86560751",2021,1,9,9,11,"3",2020/12/04 14:46:48.530,2020/12/14 14:50:30.317,"0","1"
831,"87242690",2021,1,9,9,11,"3",2020/12/04 14:47:06.207,2020/12/14 14:50:43.567,"0","1"
832,"87328268",2021,1,9,9,11,"3",2020/12/04 14:47:19.116,2020/12/14 14:50:56.911,"0","1"
833,"86585448",2021,1,9,9,11,"3",2020/12/04 14:47:34.354,2020/12/14 14:51:10.273,"0","1"
834,"86314238",2021,1,10,13,16,"2",2020/12/04 14:47:48.581,2020/12/14 14:51:23.741,"0","1"
835,"86814995",2021,1,10,13,16,"2",2020/12/04 14:48:05.166,2020/12/14 14:51:37.225,"0","1"
836,"86818777",2021,1,10,13,16,"2",2020/12/04 14:48:19.260,2020/12/14 14:51:50.672,"0","1"
837,"87086314",2021,1,10,13,16,"2",2020/12/04 14:48:30.737,2020/12/14 14:52:04.017,"0","1"
838,"87088869",2021,1,10,13,16,"2",2020/12/04 14:48:42.090,2020/12/14 14:52:17.326,"0","1"
839,"86936700",2021,1,16,13,16,"1",2020/12/04 14:48:53.843,2020/12/14 14:52:30.398,"0","1"
840,"86949751",2021,1,16,13,16,"1",2020/12/04 14:49:05.673,2020/12/14 14:52:43.609,"0","1"
841,"86936711",2021,1,16,13,16,"1",2020/12/04 14:49:17.023,2020/12/14 14:52:56.103,"0","1"
842,"86329044",2021,1,16,13,16,"1",2020/12/04 14:49:28.690,2020/12/14 14:53:09.612,"0","1"
843,"86757664",2021,1,16,13,16,"1",2020/12/04 14:49:40.309,2020/12/14 14:53:21.797,"0","1"
844,"86757673",2021,1,16,13,16,"1",2020/12/04 14:49:51.808,2020/12/14 14:53:35.073,"0","1"
845,"87483716",2021,1,24,9,11,"3",2020/12/04 14:50:03.730,2020/12/14 14:53:48.498,"0","1"
846,"87692956",2021,1,24,9,11,"3",2020/12/04 14:50:15.054,2020/12/14 14:54:01.743,"0","1"
847,"87900844",2021,1,24,9,11,"3",2020/12/04 14:50:26.337,2020/12/14 14:54:14.911,"0","1"
848,"87780761",2021,1,24,9,11,"3",2020/12/04 14:50:37.936,2020/12/14 14:54:27.986,"0","1"
849,"87911153",2021,1,24,9,11,"3",2020/12/04 14:50:49.812,2020/12/14 14:54:40.095,"0","1"
850,"87788826",2021,1,24,9,11,"3",2020/12/04 14:51:01.365,2020/12/14 14:54:53.277,"0","1"
826,"87540706",2021,1,30,9,11,"0",2020/12/04 13:31:12.079,2020/12/14 15:05:47.648,"0","1"
827,"87531153",2021,1,30,9,11,"0",2020/12/04 13:31:25.451,2020/12/14 15:06:00.936,"0","1"
851,"85033445",2021,2,13,9,11,"0",2021/01/05 20:01:28.755,2021/01/14 11:43:21.804,"0","1"
852,"84948513",2021,2,13,9,11,"0",2021/01/05 20:01:46.159,2021/01/14 11:43:35.560,"0","1"
853,"86947691",2021,2,13,9,11,"0",2021/01/05 20:01:59.066,2021/01/14 11:43:49.016,"0","1"
854,"87259413",2021,2,13,9,11,"0",2021/01/05 20:02:13.536,2021/01/14 11:44:02.300,"0","1"
855,"87259422",2021,2,13,9,11,"0",2021/01/05 20:02:56.356,2021/01/14 11:44:15.630,"0","1"
856,"84134418",2021,2,13,9,11,"0",2021/01/05 20:03:16.718,2021/01/14 11:44:28.627,"0","1"
857,"86315881",2021,2,13,9,11,"0",2021/01/05 20:03:32.100,2021/01/14 11:44:41.952,"0","1"
858,"83920187",2021,2,13,9,11,"0",2021/01/05 20:03:45.865,2021/01/14 11:44:55.287,"0","1"
859,"86243996",2021,2,13,9,11,"0",2021/01/05 20:03:58.393,2021/01/14 11:45:07.610,"0","1"
860,"86583243",2021,2,13,9,11,"0",2021/01/05 20:04:13.132,2021/01/14 11:45:21.058,"0","1"
861,"86583931",2021,2,13,9,11,"0",2021/01/05 20:04:28.249,2021/01/14 11:45:34.433,"0","1"
862,"87328259",2021,2,23,13,16,"1",2021/01/05 20:04:43.065,2021/01/14 11:45:47.559,"0","1"
863,"87328230",2021,2,23,13,16,"1",2021/01/05 20:04:57.644,2021/01/14 11:46:00.926,"0","1"
864,"87542606",2021,2,23,13,16,"1",2021/01/05 20:05:12.574,2021/01/14 11:46:13.951,"0","1"
865,"87542615",2021,2,23,13,16,"1",2021/01/05 20:05:28.432,2021/01/14 11:46:27.139,"0","1"
866,"86576180",2021,2,23,13,16,"1",2021/01/05 20:05:43.270,2021/01/14 11:46:40.395,"0","1"
867,"86573853",2021,2,23,13,16,"1",2021/01/05 20:05:56.637,2021/01/14 11:46:53.610,"0","1"
868,"85634420",2021,2,23,13,16,"1",2021/01/05 20:06:11.813,2021/01/14 11:47:06.821,"0","1"
869,"86817740",2021,2,23,13,16,"1",2021/01/05 20:06:26.677,2021/01/14 11:47:20.078,"0","1"
870,"87058372",2021,2,23,13,16,"1",2021/01/05 20:06:40.542,2021/01/14 11:47:33.443,"0","1"
871,"87244251",2021,2,23,13,16,"1",2021/01/05 20:06:55.769,2021/01/14 11:47:46.585,"0","1"
872,"87244438",2021,2,23,13,16,"1",2021/01/05 20:07:09.915,2021/01/14 11:47:59.616,"0","1"
873,"87244447",2021,2,23,13,16,"1",2021/01/05 20:07:23.930,2021/01/14 11:48:12.833,"0","1"
874,"86146771",2021,2,23,13,16,"1",2021/01/05 20:07:39.778,2021/01/14 11:48:26.063,"0","1"
875,"85632487",2021,2,23,13,16,"1",2021/01/05 20:07:55.667,2021/01/14 11:48:39.142,"0","1"
876,"86601338",2021,2,23,13,16,"1",2021/01/05 20:08:09.630,2021/01/14 11:48:52.312,"0","1"
877,"87107166",2021,2,23,13,16,"1",2021/01/05 20:08:23.480,2021/01/14 11:49:04.330,"0","1"
878,"86280178",2021,2,23,13,16,"1",2021/01/05 20:08:37.518,2021/01/14 11:49:17.743,"0","1"
879,"86281391",2021,2,23,13,16,"1",2021/01/05 20:08:48.872,2021/01/14 11:49:30.992,"0","1"
880,"87540706",2021,2,23,13,16,"1",2021/01/05 20:09:02.497,2021/01/14 11:49:44.392,"0","1"
881,"87531153",2021,2,23,13,16,"1",2021/01/05 20:09:15.815,2021/01/14 11:49:57.645,"0","1"
882,"84808001",2021,2,13,9,11,"0",2021/01/05 20:26:03.272,2021/01/14 12:00:59.702,"0","1"
883,"86329053",2021,2,13,9,11,"0",2021/01/05 20:26:20.766,2021/01/14 12:01:12.887,"0","1"
884,"86560751",2021,2,13,9,11,"0",2021/01/05 20:26:36.522,2021/01/14 12:01:26.150,"0","1"
885,"87242690",2021,2,13,9,11,"0",2021/01/05 20:27:05.977,2021/01/14 12:01:38.774,"0","1"
886,"87328268",2021,2,13,9,11,"0",2021/01/05 20:27:33.426,2021/01/14 12:01:52.274,"0","1"
887,"86585448",2021,2,13,9,11,"0",2021/01/05 20:27:47.861,2021/01/14 12:02:05.482,"0","1"
888,"86314238",2021,2,13,9,11,"0",2021/01/05 20:28:01.844,2021/01/14 12:02:18.822,"0","1"
889,"86814995",2021,2,13,9,11,"0",2021/01/05 20:28:15.897,2021/01/14 12:02:32.130,"0","1"
890,"86818777",2021,2,13,9,11,"0",2021/01/05 20:28:30.047,2021/01/14 12:02:45.278,"0","1"
891,"87086314",2021,2,13,9,11,"0",2021/01/05 20:28:43.805,2021/01/14 12:02:58.398,"0","1"
892,"87088869",2021,2,13,9,11,"0",2021/01/05 20:28:58.170,2021/01/14 12:03:10.822,"0","1"
893,"86936700",2021,2,23,13,16,"1",2021/01/05 20:29:11.982,2021/01/14 12:03:23.983,"0","1"
894,"86949751",2021,2,23,13,16,"1",2021/01/05 20:29:26.871,2021/01/14 12:03:37.417,"0","1"
895,"86936711",2021,2,23,13,16,"1",2021/01/05 20:29:41.399,2021/01/14 12:03:50.694,"0","1"
896,"86329044",2021,2,23,13,16,"1",2021/01/05 20:29:56.494,2021/01/14 12:04:04.091,"0","1"
897,"86757664",2021,2,23,13,16,"1",2021/01/05 20:30:11.952,2021/01/14 12:04:17.417,"0","1"
898,"86757673",2021,2,23,13,16,"1",2021/01/05 20:30:26.968,2021/01/14 12:04:30.788,"0","1"
899,"87483716",2021,2,23,13,16,"1",2021/01/05 20:30:42.952,2021/01/14 12:04:44.019,"0","1"
900,"87692956",2021,2,23,13,16,"1",2021/01/05 20:30:57.398,2021/01/14 12:04:57.327,"0","1"
901,"87900844",2021,2,23,13,16,"1",2021/01/05 20:31:11.440,2021/01/14 12:05:10.502,"0","1"
902,"87780761",2021,2,23,13,16,"1",2021/01/05 20:31:25.231,2021/01/14 12:05:23.616,"0","1"
903,"87911153",2021,2,23,13,16,"1",2021/01/05 20:31:43.542,2021/01/14 12:05:36.736,"0","1"
904,"87788826",2021,2,23,13,16,"1",2021/01/05 20:31:57.701,2021/01/14 12:05:49.958,"0","1"
906,"84948513",2021,3,13,9,11,"0",2021/02/04 20:58:33.939,2021/02/14 9:14:42.497,"0","1"
907,"86947691",2021,3,13,9,11,"0",2021/02/04 20:58:43.085,2021/02/14 9:14:55.817,"0","1"
908,"87259413",2021,3,13,9,11,"0",2021/02/04 20:58:54.008,2021/02/14 9:15:08.119,"0","1"
909,"87259422",2021,3,13,9,11,"0",2021/02/04 20:59:05.426,2021/02/14 9:15:20.319,"0","1"
910,"84134418",2021,3,13,9,11,"0",2021/02/04 20:59:14.511,2021/02/14 9:15:33.618,"0","1"
935,"84808001",2021,3,6,15,17,"2",2021/02/04 21:14:37.315,2021/02/04 21:31:47.054,"1","0"
936,"86329053",2021,3,6,15,17,"2",2021/02/04 21:14:48.318,2021/02/04 21:31:53.608,"1","0"
937,"86560751",2021,3,6,15,17,"2",2021/02/04 21:14:59.114,2021/02/04 21:32:00.453,"1","0"
938,"87242690",2021,3,6,15,17,"2",2021/02/04 21:15:10.111,2021/02/04 21:32:07.205,"1","0"
939,"87328268",2021,3,6,15,17,"2",2021/02/04 21:15:20.846,2021/02/04 21:32:14.241,"1","0"
940,"86585448",2021,3,6,15,17,"2",2021/02/04 21:15:31.743,2021/02/04 21:32:20.803,"1","0"
941,"86314238",2021,3,7,13,15,"3",2021/02/04 21:15:43.146,2021/02/04 21:32:39.768,"1","0"
942,"86814995",2021,3,7,13,15,"3",2021/02/04 21:15:55.268,2021/02/04 21:32:46.918,"1","0"
943,"86818777",2021,3,7,13,15,"3",2021/02/04 21:16:06.972,2021/02/14 9:08:34.836,"0","1"
944,"87086314",2021,3,7,13,15,"3",2021/02/04 21:16:18.069,2021/02/14 9:08:52.270,"0","1"
945,"87088869",2021,3,7,13,15,"3",2021/02/04 21:16:28.808,2021/02/14 9:09:05.572,"0","1"
946,"86936700",2021,3,7,13,15,"3",2021/02/04 21:16:40.636,2021/02/14 9:09:18.969,"0","1"
947,"86949751",2021,3,14,9,11,"1",2021/02/04 21:16:51.957,2021/02/14 9:09:32.302,"0","1"
948,"86936711",2021,3,14,9,11,"1",2021/02/04 21:17:02.948,2021/02/14 9:09:45.533,"0","1"
949,"86329044",2021,3,6,15,17,"2",2021/02/04 21:17:27.860,2021/02/14 9:09:58.246,"0","1"
950,"86757664",2021,3,6,15,17,"2",2021/02/04 21:17:52.882,2021/02/14 9:10:11.498,"0","1"
951,"86757673",2021,3,6,15,17,"2",2021/02/04 21:18:04.003,2021/02/14 9:10:24.872,"0","1"
952,"87483716",2021,3,6,15,17,"2",2021/02/04 21:18:16.243,2021/02/14 9:10:38.108,"0","1"
953,"87692956",2021,3,6,15,17,"2",2021/02/04 21:18:27.633,2021/02/14 9:10:51.393,"0","1"
954,"87900844",2021,3,6,15,17,"2",2021/02/04 21:18:38.864,2021/02/14 9:11:04.725,"0","1"
955,"87911153",2021,3,6,15,17,"2",2021/02/04 21:23:46.214,2021/02/14 9:11:18.010,"0","1"
956,"87788826",2021,3,7,13,15,"3",2021/02/04 21:23:57.443,2021/02/14 9:11:31.404,"0","1"
957,"84808001",2021,3,14,9,11,"1",2021/02/04 21:33:05.140,2021/02/14 9:11:43.440,"0","1"
958,"86329053",2021,3,14,9,11,"1",2021/02/04 21:33:14.104,2021/02/14 9:11:56.728,"0","1"
959,"86560751",2021,3,14,9,11,"1",2021/02/04 21:33:23.447,2021/02/14 9:12:09.928,"0","1"
960,"87242690",2021,3,14,9,11,"1",2021/02/04 21:33:32.666,2021/02/14 9:12:23.267,"0","1"
961,"87328268",2021,3,20,15,17,"3",2021/02/04 21:35:32.129,2021/02/14 9:12:36.680,"0","1"
962,"86585448",2021,3,20,15,17,"3",2021/02/04 21:35:44.753,2021/02/14 9:12:50.108,"0","1"
963,"86314238",2021,3,20,15,17,"3",2021/02/04 21:35:56.224,2021/02/14 9:13:03.286,"0","1"
964,"86814995",2021,3,20,15,17,"3",2021/02/04 21:36:08.175,2021/02/14 9:13:16.746,"0","1"
905,"85033445",2021,3,13,9,11,"0",2021/02/04 20:57:49.663,2021/02/14 9:14:29.006,"0","1"
911,"86315881",2021,3,13,9,11,"0",2021/02/04 20:59:23.527,2021/02/14 9:15:47.074,"0","1"
912,"83920187",2021,3,13,9,11,"0",2021/02/04 20:59:34.647,2021/02/14 9:15:59.433,"0","1"
913,"86583243",2021,3,13,9,11,"0",2021/02/04 20:59:52.684,2021/02/14 9:16:12.906,"0","1"
914,"86583931",2021,3,13,9,11,"0",2021/02/04 21:00:04.787,2021/02/14 9:16:26.505,"0","1"
915,"87328259",2021,3,13,9,11,"0",2021/02/04 21:00:16.483,2021/02/14 9:16:39.988,"0","1"
916,"87328230",2021,3,13,9,11,"0",2021/02/04 21:00:27.563,2021/02/14 9:16:56.369,"0","1"
917,"87542606",2021,3,13,9,11,"0",2021/02/04 21:00:38.687,2021/02/14 9:17:09.565,"0","1"
918,"87542615",2021,3,13,9,11,"0",2021/02/04 21:00:49.690,2021/02/14 9:17:22.780,"0","1"
919,"86576180",2021,3,13,9,11,"0",2021/02/04 21:01:00.719,2021/02/14 9:17:36.531,"0","1"
920,"86573853",2021,3,28,13,15,"2",2021/02/04 21:01:11.718,2021/02/14 9:17:49.895,"0","1"
921,"85634420",2021,3,28,13,15,"2",2021/02/04 21:04:15.325,2021/02/14 9:18:03.391,"0","1"
922,"86817740",2021,3,28,13,15,"2",2021/02/04 21:04:26.343,2021/02/14 9:18:16.612,"0","1"
923,"87058372",2021,3,28,13,15,"2",2021/02/04 21:04:37.265,2021/02/14 9:18:30.229,"0","1"
924,"87244251",2021,3,28,13,15,"2",2021/02/04 21:04:48.389,2021/02/14 9:18:42.232,"0","1"
925,"87244438",2021,3,28,13,15,"2",2021/02/04 21:04:59.868,2021/02/14 9:18:55.358,"0","1"
926,"87244447",2021,3,28,13,15,"2",2021/02/04 21:05:11.864,2021/02/14 9:19:08.530,"0","1"
927,"86146771",2021,3,28,13,15,"2",2021/02/04 21:05:23.808,2021/02/14 9:19:21.657,"0","1"
928,"85632487",2021,3,28,13,15,"2",2021/02/04 21:05:35.026,2021/02/14 9:19:34.831,"0","1"
929,"86601338",2021,3,28,13,15,"2",2021/02/04 21:05:46.407,2021/02/14 9:19:48.157,"0","1"
930,"87107166",2021,3,28,13,15,"2",2021/02/04 21:05:55.278,2021/02/14 9:20:01.521,"0","1"
931,"86280178",2021,3,28,13,15,"2",2021/02/04 21:06:06.670,2021/02/14 9:20:14.848,"0","1"
932,"86281391",2021,3,28,13,15,"2",2021/02/04 21:06:15.619,2021/02/14 9:20:28.340,"0","1"
933,"87540706",2021,3,28,13,15,"2",2021/02/04 21:06:26.586,2021/02/14 9:20:40.911,"0","1"
934,"87531153",2021,3,28,13,15,"2",2021/02/04 21:06:38.184,2021/02/14 9:20:54.071,"0","1"
965,"85033445",2021,4,11,9,11,"2",2021/03/08 13:22:37.759,2021/03/14 9:15:52.722,"0","1"
966,"84948513",2021,4,11,9,11,"2",2021/03/08 13:22:48.092,2021/03/14 9:16:09.718,"0","1"
967,"86947691",2021,4,11,9,11,"2",2021/03/08 13:22:57.742,2021/03/14 9:16:26.654,"0","1"
968,"87259413",2021,4,11,9,11,"2",2021/03/08 13:23:09.481,2021/03/14 9:16:40.598,"0","1"
969,"87259422",2021,4,11,9,11,"2",2021/03/08 13:23:22.887,2021/03/14 9:16:54.296,"0","1"
970,"84134418",2021,4,11,9,11,"2",2021/03/08 13:23:32.996,2021/03/14 9:17:16.200,"0","1"
971,"86315881",2021,4,11,9,11,"2",2021/03/08 13:23:42.158,2021/03/14 9:17:30.374,"0","1"
972,"83920187",2021,4,11,9,11,"2",2021/03/08 13:23:54.148,2021/03/14 9:17:45.921,"0","1"
973,"86583243",2021,4,11,9,11,"2",2021/03/08 13:24:06.388,2021/03/14 9:17:59.696,"0","1"
974,"86583931",2021,4,11,9,11,"2",2021/03/08 13:24:19.099,2021/03/14 9:18:13.652,"0","1"
975,"87328259",2021,4,11,9,11,"2",2021/03/08 13:24:32.439,2021/03/14 9:18:28.522,"0","1"
976,"87328230",2021,4,11,9,11,"2",2021/03/08 13:24:45.286,2021/03/14 9:18:42.364,"0","1"
977,"87542606",2021,4,11,9,11,"2",2021/03/08 13:24:57.378,2021/03/14 9:18:55.904,"0","1"
978,"87542615",2021,4,11,9,11,"2",2021/03/08 13:25:09.304,2021/03/14 9:19:10.122,"0","1"
979,"86576180",2021,4,11,9,11,"2",2021/03/08 13:25:20.764,2021/03/14 9:19:30.587,"0","1"
980,"86573853",2021,4,11,9,11,"2",2021/03/08 13:25:33.194,2021/03/14 9:19:45.377,"0","1"
981,"85634420",2021,4,11,9,11,"2",2021/03/08 13:25:46.112,2021/03/14 9:19:59.904,"0","1"
982,"86817740",2021,4,24,9,11,"0",2021/03/08 13:25:59.223,2021/03/14 9:20:16.603,"0","1"
983,"87058372",2021,4,24,9,11,"0",2021/03/08 13:26:11.014,2021/03/14 9:20:31.116,"0","1"
984,"87244251",2021,4,24,9,11,"0",2021/03/08 13:26:33.504,2021/03/14 9:20:44.368,"0","1"
985,"87244438",2021,4,24,9,11,"0",2021/03/08 13:26:57.344,2021/03/14 9:20:56.684,"0","1"
986,"87244447",2021,4,24,9,11,"0",2021/03/08 13:27:09.432,2021/03/14 9:21:10.169,"0","1"
987,"86146771",2021,4,24,9,11,"0",2021/03/08 13:27:22.422,2021/03/14 9:21:23.670,"0","1"
988,"85632487",2021,4,24,9,11,"0",2021/03/08 13:27:33.815,2021/03/14 9:21:37.168,"0","1"
989,"86601338",2021,4,24,9,11,"0",2021/03/08 13:27:45.294,2021/03/14 9:21:51.743,"0","1"
990,"87107166",2021,4,24,9,11,"0",2021/03/08 13:27:55.102,2021/03/14 9:22:05.219,"0","1"
991,"86280178",2021,4,24,9,11,"0",2021/03/08 13:28:09.067,2021/03/14 9:22:18.630,"0","1"
992,"86281391",2021,4,24,9,11,"0",2021/03/08 13:28:19.196,2021/03/14 9:22:32.109,"0","1"
993,"87540706",2021,4,24,9,11,"0",2021/03/08 13:28:31.317,2021/03/14 9:22:45.488,"0","1"
994,"87531153",2021,4,24,9,11,"0",2021/03/08 13:28:43.555,2021/03/14 9:22:58.399,"0","1"
1003,"86818777",2021,4,4,15,17,"3",2021/03/08 13:51:33.614,2021/03/14 9:23:12.685,"0","1"
995,"84808001",2021,4,3,15,17,"2",2021/03/08 13:50:04.062,2021/03/14 9:25:23.811,"0","1"
996,"86329053",2021,4,3,15,17,"2",2021/03/08 13:50:15.743,2021/03/14 9:25:37.492,"0","1"
997,"86560751",2021,4,3,15,17,"2",2021/03/08 13:50:27.047,2021/03/14 9:25:51.208,"0","1"
998,"87242690",2021,4,3,15,17,"2",2021/03/08 13:50:38.487,2021/03/14 9:26:03.845,"0","1"
999,"87328268",2021,4,3,15,17,"2",2021/03/08 13:50:49.906,2021/03/14 9:26:17.382,"0","1"
1000,"86585448",2021,4,3,15,17,"2",2021/03/08 13:51:01.335,2021/03/14 9:26:32.287,"0","1"
1001,"86314238",2021,4,3,15,17,"2",2021/03/08 13:51:12.772,2021/03/14 9:26:46.075,"0","1"
1002,"86814995",2021,4,3,15,17,"2",2021/03/08 13:51:24.176,2021/03/14 9:27:00.462,"0","1"
1004,"87086314",2021,4,4,15,17,"3",2021/03/08 13:51:46.005,2021/03/14 9:27:14.935,"0","1"
1005,"87088869",2021,4,4,15,17,"3",2021/03/08 13:51:57.730,2021/03/14 9:27:29.047,"0","1"
1006,"86936700",2021,4,4,15,17,"3",2021/03/08 13:52:10.137,2021/03/14 9:27:42.913,"0","1"
1007,"86949751",2021,4,4,15,17,"3",2021/03/08 13:52:21.319,2021/03/14 9:27:57.005,"0","1"
1008,"86936711",2021,4,4,15,17,"3",2021/03/08 13:52:32.802,2021/03/14 9:28:12.029,"0","1"
1009,"86329044",2021,4,4,15,17,"3",2021/03/08 13:52:42.511,2021/03/14 9:28:25.990,"0","1"
1010,"86757664",2021,4,10,15,17,"2",2021/03/08 13:52:53.853,2021/03/14 9:28:40.162,"0","1"
1011,"86757673",2021,4,10,15,17,"2",2021/03/08 13:53:05.491,2021/03/14 9:28:54.218,"0","1"
1012,"87483716",2021,4,10,15,17,"2",2021/03/08 13:53:16.947,2021/03/14 9:29:07.909,"0","1"
1013,"87692956",2021,4,10,15,17,"2",2021/03/08 13:53:28.238,2021/03/14 9:29:22.008,"0","1"
1014,"87900844",2021,4,10,15,17,"2",2021/03/08 13:53:39.554,2021/03/14 9:29:35.811,"0","1"
1015,"87780761",2021,4,10,15,17,"2",2021/03/08 13:53:53.065,2021/03/14 9:29:49.323,"0","1"
1016,"87911153",2021,4,10,15,17,"2",2021/03/08 13:54:05.388,2021/03/14 9:30:03.361,"0","1"
1017,"87788826",2021,4,10,15,17,"2",2021/03/08 13:54:17.300,2021/03/14 9:30:17.250,"0","1"
1018,"85033445",2021,5,16,9,11,"2",2021/04/03 10:44:03.855,2021/04/14 8:13:24.426,"0","1"
1019,"84948513",2021,5,16,9,11,"2",2021/04/03 10:44:17.279,2021/04/14 8:13:40.837,"0","1"
1020,"87259413",2021,5,16,9,11,"2",2021/04/03 10:44:40.643,2021/04/14 8:13:54.386,"0","1"
1021,"87259422",2021,5,16,9,11,"2",2021/04/03 10:44:54.799,2021/04/14 8:14:14.003,"0","1"
1022,"84134418",2021,5,16,9,11,"2",2021/04/03 10:45:08.207,2021/04/14 8:14:28.122,"0","1"
1023,"86315881",2021,5,16,9,11,"2",2021/04/03 10:45:19.289,2021/04/14 8:14:41.896,"0","1"
1024,"83920187",2021,5,16,9,11,"2",2021/04/03 10:45:30.290,2021/04/14 8:14:54.999,"0","1"
1025,"86583243",2021,5,16,9,11,"2",2021/04/03 10:45:43.446,2021/04/14 8:15:09.335,"0","1"
1026,"86583931",2021,5,16,9,11,"2",2021/04/03 10:45:56.941,2021/04/14 8:15:22.607,"0","1"
1027,"87328259",2021,5,16,9,11,"2",2021/04/03 10:46:09.692,2021/04/14 8:15:36.618,"0","1"
1028,"87328230",2021,5,16,9,11,"2",2021/04/03 10:46:22.470,2021/04/14 8:15:49.333,"0","1"
1029,"87542606",2021,5,16,9,11,"2",2021/04/03 10:46:35.221,2021/04/14 8:16:02.708,"0","1"
1030,"87542615",2021,5,16,9,11,"2",2021/04/03 10:46:47.659,2021/04/14 8:16:16.354,"0","1"
1031,"86576180",2021,5,16,9,11,"2",2021/04/03 10:47:00.328,2021/04/14 8:16:29.899,"0","1"
1032,"86573853",2021,5,16,9,11,"2",2021/04/03 10:47:13.238,2021/04/14 8:16:43.246,"0","1"
1033,"85634420",2021,5,16,9,11,"2",2021/04/03 10:47:26.484,2021/04/14 8:16:56.582,"0","1"
1034,"86817740",2021,5,16,9,11,"2",2021/04/03 10:47:39.663,2021/04/14 8:17:09.975,"0","1"
1035,"86818777",2021,5,22,9,11,"0",2021/04/03 10:47:51.350,2021/04/14 8:17:23.566,"0","1"
1036,"87058372",2021,5,22,9,11,"0",2021/04/03 10:48:04.687,2021/04/14 8:17:28.942,"0","1"
1037,"87244251",2021,5,22,9,11,"0",2021/04/03 10:48:18.910,2021/04/14 8:17:42.522,"0","1"
1038,"87244438",2021,5,22,9,11,"0",2021/04/03 10:48:36.470,2021/04/14 8:18:10.353,"0","1"
1039,"87244447",2021,5,22,9,11,"0",2021/04/03 10:48:52.166,2021/04/14 8:18:22.545,"0","1"
1040,"86146771",2021,5,22,9,11,"0",2021/04/03 10:49:06.217,2021/04/14 8:18:35.879,"0","1"
1041,"85632487",2021,5,22,9,11,"0",2021/04/03 10:49:21.493,2021/04/14 8:18:50.030,"0","1"
1042,"86601338",2021,5,22,9,11,"0",2021/04/03 10:49:36.966,2021/04/14 8:19:04.017,"0","1"
1043,"87107166",2021,5,22,9,11,"0",2021/04/03 10:49:48.391,2021/04/14 8:19:13.438,"0","1"
1044,"86280178",2021,5,22,9,11,"0",2021/04/03 10:49:59.244,2021/04/14 8:19:32.697,"0","1"
1045,"86281391",2021,5,22,9,11,"0",2021/04/03 10:50:14.922,2021/04/14 8:19:46.670,"0","1"
1046,"87540706",2021,5,22,9,11,"0",2021/04/03 10:50:27.749,2021/04/14 8:19:59.861,"0","1"
1047,"87531153",2021,5,22,9,11,"0",2021/04/03 10:50:40.627,2021/04/14 8:20:14.275,"0","1"
1048,"84808001",2021,5,1,15,18,"3",2021/04/03 11:01:59.112,2021/04/14 8:28:34.174,"0","1"
1049,"86329053",2021,5,1,15,18,"3",2021/04/03 11:02:08.388,2021/04/14 8:28:48.251,"0","1"
1050,"86560751",2021,5,1,15,18,"3",2021/04/03 11:02:19.756,2021/04/14 8:29:04.109,"0","1"
1051,"87242690",2021,5,1,15,18,"3",2021/04/03 11:02:33.308,2021/04/14 8:29:18.389,"0","1"
1052,"87328268",2021,5,1,15,18,"3",2021/04/03 11:02:49.129,2021/04/14 8:29:32.157,"0","1"
1053,"86585448",2021,5,1,15,18,"3",2021/04/03 11:03:01.775,2021/04/14 8:29:46.417,"0","1"
1054,"86314238",2021,5,1,15,18,"3",2021/04/03 11:03:13.503,2021/04/14 8:30:06.627,"0","1"
1055,"86814995",2021,5,1,15,18,"3",2021/04/03 11:03:26.429,2021/04/14 8:30:20.919,"0","1"
1056,"87086314",2021,5,3,15,18,"3",2021/04/03 11:03:38.448,2021/04/14 8:30:36.854,"0","1"
1057,"87088869",2021,5,3,15,18,"3",2021/04/03 11:03:49.757,2021/04/14 8:30:50.787,"0","1"
1058,"86936700",2021,5,3,15,18,"3",2021/04/03 11:04:02.365,2021/04/14 8:31:05.019,"0","1"
1059,"86949751",2021,5,3,15,18,"3",2021/04/03 11:04:14.570,2021/04/14 8:31:17.858,"0","1"
1060,"86936711",2021,5,3,15,18,"3",2021/04/03 11:04:26.945,2021/04/14 8:31:31.141,"0","1"
1061,"86329044",2021,5,22,15,18,"2",2021/04/03 11:04:36.502,2021/04/14 8:31:47.232,"0","1"
1062,"86757664",2021,5,22,15,18,"2",2021/04/03 11:04:48.278,2021/04/14 8:32:01.159,"0","1"
1063,"86757673",2021,5,22,15,18,"2",2021/04/03 11:05:00.771,2021/04/14 8:32:18.798,"0","1"
1064,"87483716",2021,5,22,15,18,"2",2021/04/03 11:05:13.802,2021/04/14 8:32:37.085,"0","1"
1065,"87692956",2021,5,22,15,18,"2",2021/04/03 11:05:25.487,2021/04/14 8:32:51.874,"0","1"
1066,"87900844",2021,5,22,15,18,"2",2021/04/03 11:05:38.185,2021/04/14 8:33:06.216,"0","1"
1067,"87780761",2021,5,22,15,18,"2",2021/04/03 11:05:49.660,2021/04/14 8:33:20.374,"0","1"
1068,"87911153",2021,5,22,15,18,"2",2021/04/03 11:06:02.014,2021/04/14 8:33:35.741,"0","1"
1069,"85033445",2021,6,12,9,11,"0",2021/05/04 8:20:32.772,2021/05/04 8:20:32.772,"0","0"
1070,"87259413",2021,6,12,9,11,"0",2021/05/04 8:20:51.949,2021/05/04 8:20:51.949,"0","0"
1071,"87259422",2021,6,12,9,11,"0",2021/05/04 8:21:03.375,2021/05/04 8:21:03.375,"0","0"
1072,"84134418",2021,6,12,9,11,"0",2021/05/04 8:21:17.339,2021/05/04 8:21:17.339,"0","0"
1073,"83920187",2021,6,12,9,11,"0",2021/05/04 8:21:34.219,2021/05/04 8:21:34.219,"0","0"
1074,"86583243",2021,6,20,11,13,"0",2021/05/04 8:21:46.093,2021/05/04 8:21:46.093,"0","0"
1075,"86583931",2021,6,20,11,13,"0",2021/05/04 8:21:58.166,2021/05/04 8:21:58.166,"0","0"
1076,"87328259",2021,6,20,11,13,"0",2021/05/04 8:22:09.506,2021/05/04 8:22:09.506,"0","0"
1077,"87328230",2021,6,20,11,13,"0",2021/05/04 8:22:21.021,2021/05/04 8:22:21.021,"0","0"
1078,"87542606",2021,6,20,11,13,"0",2021/05/04 8:22:32.135,2021/05/04 8:22:32.135,"0","0"
1079,"87542615",2021,6,20,11,13,"0",2021/05/04 8:22:42.954,2021/05/04 8:22:42.954,"0","0"
1080,"86576180",2021,6,20,11,13,"0",2021/05/04 8:22:54.311,2021/05/04 8:22:54.311,"0","0"
1081,"86573853",2021,6,20,11,13,"0",2021/05/04 8:23:05.493,2021/05/04 8:23:05.493,"0","0"
1082,"85634420",2021,6,20,11,13,"0",2021/05/04 8:23:16.970,2021/05/04 8:23:16.970,"0","0"
1083,"86817740",2021,6,20,11,13,"0",2021/05/04 8:23:28.195,2021/05/04 8:23:28.195,"0","0"
1084,"86818777",2021,6,20,11,13,"0",2021/05/04 8:23:37.406,2021/05/04 8:23:37.406,"0","0"
1085,"87058372",2021,6,20,11,13,"0",2021/05/04 8:23:49.616,2021/05/04 8:23:49.616,"0","0"
1086,"87244251",2021,6,20,13,15,"0",2021/05/04 8:24:01.574,2021/05/04 8:24:01.574,"0","0"
1087,"87244438",2021,6,20,13,15,"0",2021/05/04 8:24:13.284,2021/05/04 8:24:13.284,"0","0"
1088,"87244447",2021,6,20,13,15,"0",2021/05/04 8:24:22.845,2021/05/04 8:24:22.845,"0","0"
1089,"86146771",2021,6,20,13,15,"0",2021/05/04 8:24:33.969,2021/05/04 8:24:33.970,"0","0"
1090,"85632487",2021,6,20,13,15,"0",2021/05/04 8:24:45.049,2021/05/04 8:24:45.049,"0","0"
1091,"86601338",2021,6,20,13,15,"0",2021/05/04 8:24:56.280,2021/05/04 8:24:56.280,"0","0"
1092,"86280178",2021,6,20,13,15,"0",2021/05/04 8:25:14.465,2021/05/04 8:25:14.465,"0","0"
1093,"86281391",2021,6,20,13,15,"0",2021/05/04 8:25:26.028,2021/05/04 8:25:26.028,"0","0"
1094,"87540706",2021,6,20,13,15,"0",2021/05/04 8:25:37.513,2021/05/04 8:25:37.513,"0","0"
1095,"87531153",2021,6,20,13,15,"0",2021/05/04 8:25:48.889,2021/05/04 8:25:48.889,"0","0"
1096,"84808001",2021,6,5,15,17,"3",2021/05/04 8:40:02.775,2021/05/04 8:40:02.776,"0","0"
1097,"86560751",2021,6,5,15,17,"3",2021/05/04 8:40:21.262,2021/05/04 8:40:21.262,"0","0"
1098,"87242690",2021,6,5,15,17,"3",2021/05/04 8:40:32.363,2021/05/04 8:40:32.363,"0","0"
1099,"87328268",2021,6,5,15,17,"3",2021/05/04 8:40:43.422,2021/05/04 8:40:43.422,"0","0"
1100,"86585448",2021,6,5,15,17,"3",2021/05/04 8:40:54.859,2021/05/04 8:40:54.859,"0","0"
1101,"86314238",2021,6,6,15,17,"3",2021/05/04 8:41:13.167,2021/05/04 8:41:13.167,"0","0"
1102,"86814995",2021,6,6,15,17,"3",2021/05/04 8:41:24.849,2021/05/04 8:41:24.849,"0","0"
1103,"87086314",2021,6,6,15,17,"3",2021/05/04 8:41:37.124,2021/05/04 8:41:37.124,"0","0"
1104,"87088869",2021,6,12,15,17,"3",2021/05/04 8:41:55.608,2021/05/04 8:41:55.608,"0","0"
1105,"86936700",2021,6,12,15,17,"3",2021/05/04 8:42:07.241,2021/05/04 8:42:07.241,"0","0"
1106,"86949751",2021,6,12,15,17,"3",2021/05/04 8:42:17.161,2021/05/04 8:42:17.161,"0","0"
1107,"86936711",2021,6,12,15,17,"3",2021/05/04 8:42:31.240,2021/05/04 8:42:31.240,"0","0"
1108,"86329044",2021,6,12,15,17,"3",2021/05/04 8:42:51.342,2021/05/04 8:42:51.342,"0","0"
1109,"86757664",2021,6,12,15,17,"3",2021/05/04 8:43:02.444,2021/05/04 8:43:02.444,"0","0"
1110,"86757673",2021,6,13,15,17,"3",2021/05/04 8:43:22.177,2021/05/04 8:43:22.177,"0","0"
1111,"87483716",2021,6,13,15,17,"3",2021/05/04 8:43:34.745,2021/05/04 8:43:34.745,"0","0"
1112,"87692956",2021,6,13,15,17,"3",2021/05/04 8:43:46.624,2021/05/04 8:43:46.624,"0","0"
1113,"87900844",2021,6,13,15,17,"3",2021/05/04 8:43:58.197,2021/05/04 8:43:58.197,"0","0"
1114,"87780761",2021,6,13,15,17,"3",2021/05/04 8:44:11.368,2021/05/04 8:44:11.368,"0","0"
